scenario,replicate,method,completed,diagnostics_passed,seconds
linear,0,unadjusted,True,True,0.0025032181292772293
linear,0,linear_ancova,True,True,0.0006183730438351631
linear,0,spline_ancova,True,True,0.0006357058882713318
linear,0,longbet_direct,True,True,23.187291727401316
linear,1,unadjusted,True,True,0.0027221394702792168
linear,1,linear_ancova,True,True,0.0005350755527615547
linear,1,spline_ancova,True,True,0.0006107687950134277
linear,1,longbet_direct,True,True,22.116692900657654
linear,2,unadjusted,True,True,0.002254529856145382
linear,2,linear_ancova,True,True,0.0005098171532154083
linear,2,spline_ancova,True,True,0.0006211679428815842
linear,2,longbet_direct,True,True,22.004071607254446
linear,3,unadjusted,True,True,0.0021825656294822693
linear,3,linear_ancova,True,True,0.0004972247406840324
linear,3,spline_ancova,True,True,0.0006176205351948738
linear,3,longbet_direct,True,True,23.629221957176924
linear,4,unadjusted,True,True,0.0023962166160345078
linear,4,linear_ancova,True,True,0.0005896082147955894
linear,4,spline_ancova,True,True,0.0006726644933223724
linear,4,longbet_direct,True,True,22.101851139217615
linear,5,unadjusted,True,True,0.002367212437093258
linear,5,linear_ancova,True,True,0.000661955215036869
linear,5,spline_ancova,True,True,0.0006506843492388725
linear,5,longbet_direct,True,True,22.021900256164372
linear,6,unadjusted,True,True,0.0018224874511361122
linear,6,linear_ancova,True,True,0.00046119745820760727
linear,6,spline_ancova,True,True,0.0006314665079116821
linear,6,longbet_direct,True,True,21.976386580616236
linear,7,unadjusted,True,True,0.0020329132676124573
linear,7,linear_ancova,True,True,0.0005185548216104507
linear,7,spline_ancova,True,True,0.0006564445793628693
linear,7,longbet_direct,True,True,21.760899420827627
linear,8,unadjusted,True,True,0.0017240224406123161
linear,8,linear_ancova,True,True,0.00045968499034643173
linear,8,spline_ancova,True,True,0.0006143758073449135
linear,8,longbet_direct,True,True,21.795290244743228
linear,9,unadjusted,True,True,0.0019033290445804596
linear,9,linear_ancova,True,True,0.0004933075979351997
linear,9,spline_ancova,True,True,0.0006761709228157997
linear,9,longbet_direct,True,False,21.66977605689317
linear,10,unadjusted,True,True,0.0020161522552371025
linear,10,linear_ancova,True,True,0.0004914943128824234
linear,10,spline_ancova,True,True,0.0006506843492388725
linear,10,longbet_direct,True,False,22.951167084276676
linear,11,unadjusted,True,True,0.0018835524097085
linear,11,linear_ancova,True,True,0.0004857238382101059
linear,11,spline_ancova,True,True,0.0006335116922855377
linear,11,longbet_direct,True,True,23.585229102522135
linear,12,unadjusted,True,True,0.002001083455979824
linear,12,linear_ancova,True,True,0.0005799708887934685
linear,12,spline_ancova,True,True,0.000766390934586525
linear,12,longbet_direct,True,True,22.12253368459642
linear,13,unadjusted,True,True,0.0017729541286826134
linear,13,linear_ancova,True,True,0.0004575904458761215
linear,13,spline_ancova,True,True,0.000624924898147583
linear,13,longbet_direct,True,True,22.183364710770547
linear,14,unadjusted,True,True,0.0018159449100494385
linear,14,linear_ancova,True,True,0.0004701539874076843
linear,14,spline_ancova,True,True,0.0006773043423891068
linear,14,longbet_direct,True,False,22.186648476868868
linear,15,unadjusted,True,True,0.0020130956545472145
linear,15,linear_ancova,True,True,0.0005384227260947227
linear,15,spline_ancova,True,True,0.0006348434835672379
linear,15,longbet_direct,True,True,21.89370982348919
linear,16,unadjusted,True,True,0.0018399599939584732
linear,16,linear_ancova,True,True,0.0004735114052891731
linear,16,spline_ancova,True,True,0.0006280820816755295
linear,16,longbet_direct,True,True,23.69383375812322
linear,17,unadjusted,True,True,0.001941220834851265
linear,17,linear_ancova,True,True,0.0004886789247393608
linear,17,spline_ancova,True,True,0.0006576767191290855
linear,17,longbet_direct,True,True,23.93401623889804
linear,18,unadjusted,True,True,0.0025619780644774437
linear,18,linear_ancova,True,True,0.0005296347662806511
linear,18,spline_ancova,True,True,0.0006403550505638123
linear,18,longbet_direct,True,True,22.308701239526272
linear,19,unadjusted,True,True,0.0020312191918492317
linear,19,linear_ancova,True,True,0.000506632961332798
linear,19,spline_ancova,True,True,0.0006730062887072563
linear,19,longbet_direct,True,True,22.592082047834992
linear,20,unadjusted,True,True,0.0024893619120121002
linear,20,linear_ancova,True,True,0.00047896988689899445
linear,20,spline_ancova,True,True,0.0006240038201212883
linear,20,longbet_direct,True,True,22.61058410257101
linear,21,unadjusted,True,True,0.0018146419897675514
linear,21,linear_ancova,True,True,0.00046868156641721725
linear,21,spline_ancova,True,True,0.0006309868767857552
linear,21,longbet_direct,True,True,22.41576919797808
linear,22,unadjusted,True,True,0.0024993112310767174
linear,22,linear_ancova,True,True,0.0008872887119650841
linear,22,spline_ancova,True,True,0.0012224987149238586
linear,22,longbet_direct,True,True,23.350257403217256
linear,23,unadjusted,True,True,0.0030072154477238655
linear,23,linear_ancova,True,True,0.0006461245939135551
linear,23,spline_ancova,True,True,0.0007971087470650673
linear,23,longbet_direct,True,True,24.196985286660492
linear,24,unadjusted,True,True,0.0018387380987405777
linear,24,linear_ancova,True,True,0.00045911315828561783
linear,24,spline_ancova,True,True,0.0006452631205320358
linear,24,longbet_direct,True,True,22.118546161800623
linear,25,unadjusted,True,True,0.001996394246816635
linear,25,linear_ancova,True,True,0.0005140770226716995
linear,25,spline_ancova,True,True,0.0006502131000161171
linear,25,longbet_direct,True,False,22.07782979309559
linear,26,unadjusted,True,True,0.003399753011763096
linear,26,linear_ancova,True,True,0.0007660398259758949
linear,26,spline_ancova,True,True,0.0007493291050195694
linear,26,longbet_direct,True,True,22.25973522849381
linear,27,unadjusted,True,True,0.0020907726138830185
linear,27,linear_ancova,True,True,0.0006616543978452682
linear,27,spline_ancova,True,True,0.0008451789617538452
linear,27,longbet_direct,True,True,22.031144267879426
linear,28,unadjusted,True,True,0.0019015362486243248
linear,28,linear_ancova,True,True,0.0005161911249160767
linear,28,spline_ancova,True,True,0.000669918954372406
linear,28,longbet_direct,True,True,23.153276400640607
linear,29,unadjusted,True,True,0.0018718000501394272
linear,29,linear_ancova,True,True,0.0005053197965025902
linear,29,spline_ancova,True,True,0.0006497520953416824
linear,29,longbet_direct,True,True,23.83564935438335
linear,30,unadjusted,True,True,0.0019918158650398254
linear,30,linear_ancova,True,True,0.0007960367947816849
linear,30,spline_ancova,True,True,0.0011645602062344551
linear,30,longbet_direct,True,True,22.020918267779052
linear,31,unadjusted,True,True,0.001849677413702011
linear,31,linear_ancova,True,True,0.0004703439772129059
linear,31,spline_ancova,True,True,0.0006488198414444923
linear,31,longbet_direct,True,True,21.92898019310087
linear,32,unadjusted,True,True,0.002178257331252098
linear,32,linear_ancova,True,True,0.0005030464380979538
linear,32,spline_ancova,True,True,0.0006684968248009682
linear,32,longbet_direct,True,True,21.896782984025776
linear,33,unadjusted,True,True,0.0019318927079439163
linear,33,linear_ancova,True,True,0.0004734508693218231
linear,33,spline_ancova,True,True,0.0006713829934597015
linear,33,longbet_direct,True,True,22.079841408878565
linear,34,unadjusted,True,True,0.0019832495599985123
linear,34,linear_ancova,True,True,0.0005431007593870163
linear,34,spline_ancova,True,True,0.0006789052858948708
linear,34,longbet_direct,True,True,22.935658569447696
linear,35,unadjusted,True,True,0.0019227974116802216
linear,35,linear_ancova,True,True,0.00047643575817346573
linear,35,spline_ancova,True,True,0.0006513446569442749
linear,35,longbet_direct,True,True,23.90234143845737
linear,36,unadjusted,True,True,0.001862543635070324
linear,36,linear_ancova,True,True,0.0004806630313396454
linear,36,spline_ancova,True,True,0.000653720460832119
linear,36,longbet_direct,True,True,22.02860161010176
linear,37,unadjusted,True,True,0.001754329539835453
linear,37,linear_ancova,True,True,0.0004644840955734253
linear,37,spline_ancova,True,True,0.0006319787353277206
linear,37,longbet_direct,True,True,22.15614489465952
linear,38,unadjusted,True,True,0.003989271819591522
linear,38,linear_ancova,True,True,0.0007613515481352806
linear,38,spline_ancova,True,True,0.0008083712309598923
linear,38,longbet_direct,True,True,22.35930879879743
linear,39,unadjusted,True,True,0.0018749460577964783
linear,39,linear_ancova,True,True,0.00044581759721040726
linear,39,spline_ancova,True,True,0.0006334213539958
linear,39,longbet_direct,True,True,22.0973027581349
linear,40,unadjusted,True,True,0.0019099507480859756
linear,40,linear_ancova,True,True,0.0004781801253557205
linear,40,spline_ancova,True,True,0.0006728563457727432
linear,40,longbet_direct,True,False,23.098808427341282
linear,41,unadjusted,True,True,0.0031496528536081314
linear,41,linear_ancova,True,True,0.0008834311738610268
linear,41,spline_ancova,True,True,0.0011565657332539558
linear,41,longbet_direct,True,True,23.378584017045796
linear,42,unadjusted,True,True,0.0020769862458109856
linear,42,linear_ancova,True,True,0.0005389424040913582
linear,42,spline_ancova,True,True,0.0006541917100548744
linear,42,longbet_direct,True,True,21.736402859911323
linear,43,unadjusted,True,True,0.001903238706290722
linear,43,linear_ancova,True,True,0.0004976363852620125
linear,43,spline_ancova,True,True,0.0006754705682396889
linear,43,longbet_direct,True,True,21.94046738743782
linear,44,unadjusted,True,True,0.0017519155517220497
linear,44,linear_ancova,True,True,0.00045730918645858765
linear,44,spline_ancova,True,True,0.0006154179573059082
linear,44,longbet_direct,True,True,21.987763814628124
linear,45,unadjusted,True,True,0.0018259743228554726
linear,45,linear_ancova,True,True,0.000508725643157959
linear,45,spline_ancova,True,True,0.0006935345008969307
linear,45,longbet_direct,True,True,21.921088986098766
linear,46,unadjusted,True,True,0.0019254498183727264
linear,46,linear_ancova,True,True,0.0005214903503656387
linear,46,spline_ancova,True,True,0.0007913475856184959
linear,46,longbet_direct,True,True,23.03231692686677
linear,47,unadjusted,True,True,0.002040608786046505
linear,47,linear_ancova,True,True,0.0005458565428853035
linear,47,spline_ancova,True,True,0.000708412379026413
linear,47,longbet_direct,True,True,23.533989070914686
linear,48,unadjusted,True,True,0.0034306710585951805
linear,48,linear_ancova,True,True,0.0009424127638339996
linear,48,spline_ancova,True,True,0.0011108890175819397
linear,48,longbet_direct,True,True,21.788508399389684
linear,49,unadjusted,True,True,0.0019287271425127983
linear,49,linear_ancova,True,True,0.0005156900733709335
linear,49,spline_ancova,True,True,0.0006928229704499245
linear,49,longbet_direct,True,False,21.865752543322742
linear,50,unadjusted,True,True,0.0020823655650019646
linear,50,linear_ancova,True,True,0.00047209765762090683
linear,50,spline_ancova,True,True,0.0006361668929457664
linear,50,longbet_direct,True,True,21.991728871129453
linear,51,unadjusted,True,True,0.0022133933380246162
linear,51,linear_ancova,True,True,0.0005082665011286736
linear,51,spline_ancova,True,True,0.0006444826722145081
linear,51,longbet_direct,True,True,22.162006620317698
linear,52,unadjusted,True,True,0.0019598854705691338
linear,52,linear_ancova,True,True,0.0005015730857849121
linear,52,spline_ancova,True,True,0.0006717834621667862
linear,52,longbet_direct,True,True,22.847781425341964
linear,53,unadjusted,True,True,0.0018424149602651596
linear,53,linear_ancova,True,True,0.00046548526734113693
linear,53,spline_ancova,True,True,0.000642857514321804
linear,53,longbet_direct,True,True,23.795250405557454
linear,54,unadjusted,True,True,0.0018025198951363564
linear,54,linear_ancova,True,True,0.00047068484127521515
linear,54,spline_ancova,True,True,0.0006444519385695457
linear,54,longbet_direct,True,True,22.06843596417457
linear,55,unadjusted,True,True,0.0018274569883942604
linear,55,linear_ancova,True,True,0.0005164016038179398
linear,55,spline_ancova,True,True,0.0006354451179504395
linear,55,longbet_direct,True,True,22.236005331389606
linear,56,unadjusted,True,True,0.0018513519316911697
linear,56,linear_ancova,True,True,0.0005035465583205223
linear,56,spline_ancova,True,True,0.0006849579513072968
linear,56,longbet_direct,True,False,22.195366507396102
linear,57,unadjusted,True,True,0.0018668994307518005
linear,57,linear_ancova,True,True,0.000462179072201252
linear,57,spline_ancova,True,True,0.0006325002759695053
linear,57,longbet_direct,True,True,22.309591204859316
linear,58,unadjusted,True,True,0.002058611251413822
linear,58,linear_ancova,True,True,0.0006183935329318047
linear,58,spline_ancova,True,True,0.000734240747988224
linear,58,longbet_direct,True,True,22.77298641949892
linear,59,unadjusted,True,True,0.0018678028136491776
linear,59,linear_ancova,True,True,0.0004910435527563095
linear,59,spline_ancova,True,True,0.0006790468469262123
linear,59,longbet_direct,True,True,24.27296242956072
linear,60,unadjusted,True,True,0.0019008545204997063
linear,60,linear_ancova,True,True,0.0004637520760297775
linear,60,spline_ancova,True,True,0.0006372891366481781
linear,60,longbet_direct,True,True,22.6965996241197
linear,61,unadjusted,True,True,0.0019077286124229431
linear,61,linear_ancova,True,True,0.00048119574785232544
linear,61,spline_ancova,True,True,0.000637078657746315
linear,61,longbet_direct,True,True,22.705008608289063
linear,62,unadjusted,True,True,0.0018562208861112595
linear,62,linear_ancova,True,True,0.0005496647208929062
linear,62,spline_ancova,True,True,0.0007435083389282227
linear,62,longbet_direct,True,True,22.74602747708559
linear,63,unadjusted,True,True,0.002523394301533699
linear,63,linear_ancova,True,True,0.0006067901849746704
linear,63,spline_ancova,True,True,0.0006747189909219742
linear,63,longbet_direct,True,True,22.853237073868513
linear,64,unadjusted,True,True,0.0020181946456432343
linear,64,linear_ancova,True,True,0.0005173627287149429
linear,64,spline_ancova,True,True,0.0006935745477676392
linear,64,longbet_direct,True,True,23.368772259913385
linear,65,unadjusted,True,True,0.0018634740263223648
linear,65,linear_ancova,True,True,0.00047011394053697586
linear,65,spline_ancova,True,True,0.0006368979811668396
linear,65,longbet_direct,True,True,24.17675770074129
linear,66,unadjusted,True,True,0.002589559182524681
linear,66,linear_ancova,True,True,0.0005217008292675018
linear,66,spline_ancova,True,True,0.0006390111520886421
linear,66,longbet_direct,True,True,22.1347677949816
linear,67,unadjusted,True,True,0.0019063949584960938
linear,67,linear_ancova,True,True,0.0004696724936366081
linear,67,spline_ancova,True,True,0.000638631172478199
linear,67,longbet_direct,True,True,22.30872913263738
linear,68,unadjusted,True,True,0.0018605990335345268
linear,68,linear_ancova,True,True,0.000506141223013401
linear,68,spline_ancova,True,True,0.000639582984149456
linear,68,longbet_direct,True,True,22.544820851646364
linear,69,unadjusted,True,True,0.0020651742815971375
linear,69,linear_ancova,True,True,0.0006695687770843506
linear,69,spline_ancova,True,True,0.0008303103968501091
linear,69,longbet_direct,True,True,22.254389171488583
linear,70,unadjusted,True,True,0.0018572630360722542
linear,70,linear_ancova,True,True,0.00047351978719234467
linear,70,spline_ancova,True,True,0.0006496617570519447
linear,70,longbet_direct,True,True,22.875245626084507
linear,71,unadjusted,True,True,0.001924760639667511
linear,71,linear_ancova,True,True,0.0005013225600123405
linear,71,spline_ancova,True,True,0.0006719827651977539
linear,71,longbet_direct,True,True,24.137011787854135
linear,72,unadjusted,True,True,0.0024088798090815544
linear,72,linear_ancova,True,True,0.0005236240103840828
linear,72,spline_ancova,True,True,0.0006944760680198669
linear,72,longbet_direct,True,True,22.813970359042287
linear,73,unadjusted,True,True,0.0018794843927025795
linear,73,linear_ancova,True,True,0.00048151519149541855
linear,73,spline_ancova,True,True,0.0006757611408829689
linear,73,longbet_direct,True,True,23.12476258724928
linear,74,unadjusted,True,True,0.001907828263938427
linear,74,linear_ancova,True,True,0.00048330891877412796
linear,74,spline_ancova,True,True,0.0006210682913661003
linear,74,longbet_direct,True,True,23.066151075065136
linear,75,unadjusted,True,True,0.0019022487103939056
linear,75,linear_ancova,True,True,0.002028675749897957
linear,75,spline_ancova,True,True,0.0009179171174764633
linear,75,longbet_direct,True,True,23.04048819374293
linear,76,unadjusted,True,True,0.0019337059929966927
linear,76,linear_ancova,True,True,0.0004966938868165016
linear,76,spline_ancova,True,True,0.0006699301302433014
linear,76,longbet_direct,True,True,22.620566884055734
linear,77,unadjusted,True,True,0.0022092144936323166
linear,77,linear_ancova,True,True,0.0005140453577041626
linear,77,spline_ancova,True,True,0.0006864611059427261
linear,77,longbet_direct,True,True,24.23349093552679
linear,78,unadjusted,True,True,0.001924579031765461
linear,78,linear_ancova,True,True,0.00048124510794878006
linear,78,spline_ancova,True,True,0.000644853338599205
linear,78,longbet_direct,True,True,22.34444815479219
linear,79,unadjusted,True,True,0.002031850628554821
linear,79,linear_ancova,True,True,0.0006803302094340324
linear,79,spline_ancova,True,True,0.0011794175952672958
linear,79,longbet_direct,True,True,22.30432929005474
linear,80,unadjusted,True,True,0.001830071210861206
linear,80,linear_ancova,True,True,0.0004791002720594406
linear,80,spline_ancova,True,True,0.0006542298942804337
linear,80,longbet_direct,True,True,22.48257467430085
linear,81,unadjusted,True,True,0.0019185477867722511
linear,81,linear_ancova,True,True,0.0004750331863760948
linear,81,spline_ancova,True,True,0.0006833253428339958
linear,81,longbet_direct,True,True,22.243026384152472
linear,82,unadjusted,True,True,0.0028722314164042473
linear,82,linear_ancova,True,True,0.0009504761546850204
linear,82,spline_ancova,True,True,0.0011517656967043877
linear,82,longbet_direct,True,True,22.690660869702697
linear,83,unadjusted,True,True,0.001948423683643341
linear,83,linear_ancova,True,True,0.0004720473662018776
linear,83,spline_ancova,True,True,0.000679277814924717
linear,83,longbet_direct,True,True,22.50709153804928
linear,84,unadjusted,True,True,0.0019414117559790611
linear,84,linear_ancova,True,True,0.0005024252459406853
linear,84,spline_ancova,True,True,0.0007312251254916191
linear,84,longbet_direct,True,True,24.26054408121854
linear,85,unadjusted,True,True,0.0026571666821837425
linear,85,linear_ancova,True,True,0.0005744295194745064
linear,85,spline_ancova,True,True,0.0007007671520113945
linear,85,longbet_direct,True,True,22.450854430906475
linear,86,unadjusted,True,True,0.00212071742862463
linear,86,linear_ancova,True,True,0.0005730269476771355
linear,86,spline_ancova,True,True,0.0007007978856563568
linear,86,longbet_direct,True,False,22.85518637765199
linear,87,unadjusted,True,True,0.002010731026530266
linear,87,linear_ancova,True,True,0.0005427012220025063
linear,87,spline_ancova,True,True,0.0007047252729535103
linear,87,longbet_direct,True,True,22.62758355308324
linear,88,unadjusted,True,True,0.0021292846649885178
linear,88,linear_ancova,True,True,0.0005570268258452415
linear,88,spline_ancova,True,True,0.000701569952070713
linear,88,longbet_direct,True,True,22.41473879572004
linear,89,unadjusted,True,True,0.0018956148996949196
linear,89,linear_ancova,True,True,0.0005261898040771484
linear,89,spline_ancova,True,True,0.000704646110534668
linear,89,longbet_direct,True,True,22.22090079355985
linear,90,unadjusted,True,True,0.0019403193145990372
linear,90,linear_ancova,True,True,0.0004912028089165688
linear,90,spline_ancova,True,True,0.0006534885615110397
linear,90,longbet_direct,True,True,22.454880931414664
linear,91,unadjusted,True,True,0.0018721707165241241
linear,91,linear_ancova,True,True,0.00048160552978515625
linear,91,spline_ancova,True,True,0.0006465855985879898
linear,91,longbet_direct,True,True,22.46883681602776
linear,92,unadjusted,True,True,0.0019543450325727463
linear,92,linear_ancova,True,True,0.0005161100998520851
linear,92,spline_ancova,True,True,0.0006795888766646385
linear,92,longbet_direct,True,True,22.55824532546103
linear,93,unadjusted,True,True,0.003935781307518482
linear,93,linear_ancova,True,True,0.0006436910480260849
linear,93,spline_ancova,True,True,0.0007320670410990715
linear,93,longbet_direct,True,True,24.189207477495074
linear,94,unadjusted,True,True,0.0018664505332708359
linear,94,linear_ancova,True,True,0.00046461354941129684
linear,94,spline_ancova,True,True,0.0006363466382026672
linear,94,longbet_direct,True,True,22.63470541872084
linear,95,unadjusted,True,True,0.0019404590129852295
linear,95,linear_ancova,True,True,0.0005087964236736298
linear,95,spline_ancova,True,True,0.000687221996486187
linear,95,longbet_direct,True,False,22.07321991585195
linear,96,unadjusted,True,True,0.0022126808762550354
linear,96,linear_ancova,True,True,0.0005751308053731918
linear,96,spline_ancova,True,True,0.0006985440850257874
linear,96,longbet_direct,True,True,22.354484143666923
linear,97,unadjusted,True,True,0.0019462713971734047
linear,97,linear_ancova,True,True,0.0004791105166077614
linear,97,spline_ancova,True,True,0.0006564250215888023
linear,97,longbet_direct,True,True,22.610743349418044
linear,98,unadjusted,True,True,0.0019487841054797173
linear,98,linear_ancova,True,True,0.0004912242293357849
linear,98,spline_ancova,True,True,0.0006796484813094139
linear,98,longbet_direct,True,True,22.536388840526342
linear,99,unadjusted,True,True,0.001958543434739113
linear,99,linear_ancova,True,True,0.0006301850080490112
linear,99,spline_ancova,True,True,0.0008754562586545944
linear,99,longbet_direct,True,False,23.510721110738814
smooth,0,unadjusted,True,True,0.0018563009798526764
smooth,0,linear_ancova,True,True,0.0004953406751155853
smooth,0,spline_ancova,True,True,0.0006463052704930305
smooth,0,longbet_direct,True,True,22.538446525111794
smooth,1,unadjusted,True,True,0.0021138647571206093
smooth,1,linear_ancova,True,True,0.000469292514026165
smooth,1,spline_ancova,True,True,0.000644853338599205
smooth,1,longbet_direct,True,True,22.499481501057744
smooth,2,unadjusted,True,True,0.0019614584743976593
smooth,2,linear_ancova,True,True,0.0004635807126760483
smooth,2,spline_ancova,True,True,0.0006450433284044266
smooth,2,longbet_direct,True,True,22.740527267567813
smooth,3,unadjusted,True,True,0.0018585547804832458
smooth,3,linear_ancova,True,True,0.0004961434751749039
smooth,3,spline_ancova,True,True,0.0006745895370841026
smooth,3,longbet_direct,True,True,22.775059607811272
smooth,4,unadjusted,True,True,0.0036058714613318443
smooth,4,linear_ancova,True,True,0.0007667718455195427
smooth,4,spline_ancova,True,True,0.001226545311510563
smooth,4,longbet_direct,True,True,22.516731050796807
smooth,5,unadjusted,True,True,0.002455407753586769
smooth,5,linear_ancova,True,True,0.0006434302777051926
smooth,5,spline_ancova,True,True,0.0008008666336536407
smooth,5,longbet_direct,True,True,24.67411244660616
smooth,6,unadjusted,True,True,0.002154311165213585
smooth,6,linear_ancova,True,True,0.0005218004807829857
smooth,6,spline_ancova,True,True,0.00075478944927454
smooth,6,longbet_direct,True,True,22.86331549473107
smooth,7,unadjusted,True,True,0.001882641576230526
smooth,7,linear_ancova,True,True,0.0004628002643585205
smooth,7,spline_ancova,True,True,0.0006561940535902977
smooth,7,longbet_direct,True,True,22.777704789303243
smooth,8,unadjusted,True,True,0.002274627797305584
smooth,8,linear_ancova,True,True,0.0005561765283346176
smooth,8,spline_ancova,True,True,0.0008136304095387459
smooth,8,longbet_direct,True,True,22.87706943321973
smooth,9,unadjusted,True,True,0.002125808037817478
smooth,9,linear_ancova,True,True,0.0004929667338728905
smooth,9,spline_ancova,True,True,0.0007070600986480713
smooth,9,longbet_direct,True,False,22.774980216287076
smooth,10,unadjusted,True,True,0.002640916034579277
smooth,10,linear_ancova,True,True,0.0007188925519585609
smooth,10,spline_ancova,True,True,0.0008438173681497574
smooth,10,longbet_direct,True,False,22.823521482758224
smooth,11,unadjusted,True,True,0.0030710455030202866
smooth,11,linear_ancova,True,True,0.0006393929943442345
smooth,11,spline_ancova,True,True,0.0008623218163847923
smooth,11,longbet_direct,True,True,24.294773588888347
smooth,12,unadjusted,True,True,0.0018439767882227898
smooth,12,linear_ancova,True,True,0.0005871038883924484
smooth,12,spline_ancova,True,True,0.0007046367973089218
smooth,12,longbet_direct,True,True,22.472456330433488
smooth,13,unadjusted,True,True,0.0018357224762439728
smooth,13,linear_ancova,True,True,0.00047894101589918137
smooth,13,spline_ancova,True,True,0.0006270892918109894
smooth,13,longbet_direct,True,True,23.36907809972763
smooth,14,unadjusted,True,True,0.0023057060316205025
smooth,14,linear_ancova,True,True,0.0004939986392855644
smooth,14,spline_ancova,True,True,0.0007247533649206161
smooth,14,longbet_direct,True,True,24.378735231235623
smooth,15,unadjusted,True,True,0.0018997928127646446
smooth,15,linear_ancova,True,True,0.0008013676851987839
smooth,15,spline_ancova,True,True,0.0011682156473398209
smooth,15,longbet_direct,True,True,24.46993442904204
smooth,16,unadjusted,True,True,0.001931753009557724
smooth,16,linear_ancova,True,True,0.0005270605906844139
smooth,16,spline_ancova,True,True,0.0006794771179556847
smooth,16,longbet_direct,True,True,24.40860361047089
smooth,17,unadjusted,True,True,0.0019923578947782516
smooth,17,linear_ancova,True,True,0.000493217259645462
smooth,17,spline_ancova,True,True,0.0007027620449662209
smooth,17,longbet_direct,True,True,26.504983050748706
smooth,18,unadjusted,True,True,0.002386718988418579
smooth,18,linear_ancova,True,True,0.0005471287295222282
smooth,18,spline_ancova,True,True,0.0007275482639670372
smooth,18,longbet_direct,True,True,25.101708062924445
smooth,19,unadjusted,True,True,0.0018871789798140526
smooth,19,linear_ancova,True,True,0.00046491436660289764
smooth,19,spline_ancova,True,True,0.0006495611742138863
smooth,19,longbet_direct,True,True,26.309572179801762
smooth,20,unadjusted,True,True,0.002291790209710598
smooth,20,linear_ancova,True,True,0.0006154971197247505
smooth,20,spline_ancova,True,True,0.0007840041071176529
smooth,20,longbet_direct,True,True,25.28727754484862
smooth,21,unadjusted,True,True,0.0036955587565898895
smooth,21,linear_ancova,True,True,0.0006775641813874245
smooth,21,spline_ancova,True,True,0.0009308904409408569
smooth,21,longbet_direct,True,True,25.48384120874107
smooth,22,unadjusted,True,True,0.0034704357385635376
smooth,22,linear_ancova,True,True,0.0009237965568900108
smooth,22,spline_ancova,True,True,0.0008478742092847824
smooth,22,longbet_direct,True,True,25.124720564112067
smooth,23,unadjusted,True,True,0.00226790364831686
smooth,23,linear_ancova,True,True,0.0005818847566843033
smooth,23,spline_ancova,True,True,0.000765710137784481
smooth,23,longbet_direct,True,True,27.731345472857356
smooth,24,unadjusted,True,True,0.0021678172051906586
smooth,24,linear_ancova,True,True,0.0005665747448801994
smooth,24,spline_ancova,True,True,0.0006858799606561661
smooth,24,longbet_direct,True,True,25.14162830542773
smooth,25,unadjusted,True,True,0.0018981583416461945
smooth,25,linear_ancova,True,True,0.0004793116822838783
smooth,25,spline_ancova,True,True,0.0006555225700139999
smooth,25,longbet_direct,True,True,24.07045117393136
smooth,26,unadjusted,True,True,0.002252476289868355
smooth,26,linear_ancova,True,True,0.0005029952153563499
smooth,26,spline_ancova,True,True,0.0007006675004959106
smooth,26,longbet_direct,True,True,24.07545823045075
smooth,27,unadjusted,True,True,0.002185460180044174
smooth,27,linear_ancova,True,True,0.0005099894478917122
smooth,27,spline_ancova,True,True,0.0009459489956498146
smooth,27,longbet_direct,True,False,23.790861112996936
smooth,28,unadjusted,True,True,0.001979663036763668
smooth,28,linear_ancova,True,True,0.0004974054172635078
smooth,28,spline_ancova,True,True,0.000662555918097496
smooth,28,longbet_direct,True,True,23.889583739452064
smooth,29,unadjusted,True,True,0.001852002926170826
smooth,29,linear_ancova,True,True,0.0004757838323712349
smooth,29,spline_ancova,True,True,0.0006532687693834305
smooth,29,longbet_direct,True,True,22.342087285593152
smooth,30,unadjusted,True,True,0.002444176934659481
smooth,30,linear_ancova,True,True,0.0006493804976344109
smooth,30,spline_ancova,True,True,0.0012541096657514572
smooth,30,longbet_direct,True,True,24.21906866505742
smooth,31,unadjusted,True,True,0.001903860829770565
smooth,31,linear_ancova,True,True,0.0004928065463900566
smooth,31,spline_ancova,True,True,0.0006505139172077179
smooth,31,longbet_direct,True,True,22.412263242527843
smooth,32,unadjusted,True,True,0.0031611239537596703
smooth,32,linear_ancova,True,True,0.0007680542767047882
smooth,32,spline_ancova,True,True,0.001123041845858097
smooth,32,longbet_direct,True,True,22.202448933385313
smooth,33,unadjusted,True,True,0.0018288902938365936
smooth,33,linear_ancova,True,True,0.00048582348972558975
smooth,33,spline_ancova,True,True,0.0006640991196036339
smooth,33,longbet_direct,True,False,22.443718283437192
smooth,34,unadjusted,True,True,0.0018896432593464851
smooth,34,linear_ancova,True,True,0.0004946300759911537
smooth,34,spline_ancova,True,True,0.0007164971902966499
smooth,34,longbet_direct,True,True,23.42197712417692
smooth,35,unadjusted,True,True,0.002231767401099205
smooth,35,linear_ancova,True,True,0.0005202610045671463
smooth,35,spline_ancova,True,True,0.0006637806072831154
smooth,35,longbet_direct,True,True,22.157700480893254
smooth,36,unadjusted,True,True,0.0027819639071822166
smooth,36,linear_ancova,True,True,0.00064898282289505
smooth,36,spline_ancova,True,True,0.0006702933460474014
smooth,36,longbet_direct,True,True,23.94416270032525
smooth,37,unadjusted,True,True,0.0032204613089561462
smooth,37,linear_ancova,True,True,0.0006385231390595436
smooth,37,spline_ancova,True,True,0.0006600338965654373
smooth,37,longbet_direct,True,True,22.225944697856903
smooth,38,unadjusted,True,True,0.0018247701227664948
smooth,38,linear_ancova,True,True,0.0004706280305981636
smooth,38,spline_ancova,True,True,0.0006546936929225922
smooth,38,longbet_direct,True,True,22.349632509984076
smooth,39,unadjusted,True,True,0.001846039667725563
smooth,39,linear_ancova,True,True,0.0004580039530992508
smooth,39,spline_ancova,True,True,0.0006429217755794525
smooth,39,longbet_direct,True,True,22.45969967637211
smooth,40,unadjusted,True,True,0.0018745148554444313
smooth,40,linear_ancova,True,True,0.00048826076090335846
smooth,40,spline_ancova,True,True,0.000637873075902462
smooth,40,longbet_direct,True,True,22.301095670089126
smooth,41,unadjusted,True,True,0.0018981685861945152
smooth,41,linear_ancova,True,True,0.0004862165078520775
smooth,41,spline_ancova,True,True,0.0006727185100317001
smooth,41,longbet_direct,True,True,22.36140698939562
smooth,42,unadjusted,True,True,0.001980151981115341
smooth,42,linear_ancova,True,True,0.0005028080195188522
smooth,42,spline_ancova,True,True,0.0006930259987711906
smooth,42,longbet_direct,True,True,23.971254842355847
smooth,43,unadjusted,True,True,0.0019631795585155487
smooth,43,linear_ancova,True,True,0.00047264061868190765
smooth,43,spline_ancova,True,True,0.0006537018343806267
smooth,43,longbet_direct,True,True,22.04391006194055
smooth,44,unadjusted,True,True,0.0023379968479275703
smooth,44,linear_ancova,True,True,0.0008673844859004021
smooth,44,spline_ancova,True,True,0.0010580439120531082
smooth,44,longbet_direct,True,True,22.37188888154924
smooth,45,unadjusted,True,True,0.0018395576626062393
smooth,45,linear_ancova,True,True,0.00047946348786354065
smooth,45,spline_ancova,True,True,0.0006454670801758766
smooth,45,longbet_direct,True,True,22.425235054455698
smooth,46,unadjusted,True,True,0.0019859038293361664
smooth,46,linear_ancova,True,True,0.000484623946249485
smooth,46,spline_ancova,True,True,0.0006585605442523956
smooth,46,longbet_direct,True,True,22.305237172171474
smooth,47,unadjusted,True,True,0.0018628109246492386
smooth,47,linear_ancova,True,True,0.0004930701106786728
smooth,47,spline_ancova,True,True,0.000649554654955864
smooth,47,longbet_direct,True,True,22.46515211649239
smooth,48,unadjusted,True,True,0.0019333753734827042
smooth,48,linear_ancova,True,True,0.00046893395483493805
smooth,48,spline_ancova,True,True,0.000658651813864708
smooth,48,longbet_direct,True,True,24.268236405216157
smooth,49,unadjusted,True,True,0.0020288340747356415
smooth,49,linear_ancova,True,True,0.0004998017102479935
smooth,49,spline_ancova,True,True,0.000677165575325489
smooth,49,longbet_direct,True,True,22.449187049642205
smooth,50,unadjusted,True,True,0.0021361252292990685
smooth,50,linear_ancova,True,True,0.0006741303950548172
smooth,50,spline_ancova,True,True,0.0007540509104728699
smooth,50,longbet_direct,True,True,22.605947319418192
smooth,51,unadjusted,True,True,0.001867690123617649
smooth,51,linear_ancova,True,True,0.0004695253446698189
smooth,51,spline_ancova,True,True,0.0006582308560609818
smooth,51,longbet_direct,True,True,22.629655960015953
smooth,52,unadjusted,True,True,0.0019350675866007805
smooth,52,linear_ancova,True,True,0.0004899231716990471
smooth,52,spline_ancova,True,True,0.0006490228697657585
smooth,52,longbet_direct,True,True,22.598612340167165
smooth,53,unadjusted,True,True,0.001888900063931942
smooth,53,linear_ancova,True,True,0.00048421137034893036
smooth,53,spline_ancova,True,True,0.0006531104445457458
smooth,53,longbet_direct,True,True,22.150044290348887
smooth,54,unadjusted,True,True,0.001915239728987217
smooth,54,linear_ancova,True,True,0.0005248086526989937
smooth,54,spline_ancova,True,True,0.0006948197260499001
smooth,54,longbet_direct,True,True,23.541995477862656
smooth,55,unadjusted,True,True,0.0021915994584560394
smooth,55,linear_ancova,True,True,0.0005336347967386246
smooth,55,spline_ancova,True,True,0.0008861003443598747
smooth,55,longbet_direct,True,True,22.22738757915795
smooth,56,unadjusted,True,True,0.0019205687567591667
smooth,56,linear_ancova,True,True,0.00047874171286821365
smooth,56,spline_ancova,True,True,0.0006625084206461906
smooth,56,longbet_direct,True,True,22.46803455427289
smooth,57,unadjusted,True,True,0.0018544048070907593
smooth,57,linear_ancova,True,True,0.0005313223227858543
smooth,57,spline_ancova,True,True,0.0006552748382091522
smooth,57,longbet_direct,True,True,22.376876092515886
smooth,58,unadjusted,True,True,0.001864975318312645
smooth,58,linear_ancova,True,True,0.000472058542072773
smooth,58,spline_ancova,True,True,0.0006608255207538605
smooth,58,longbet_direct,True,True,22.238457806408405
smooth,59,unadjusted,True,True,0.001879001036286354
smooth,59,linear_ancova,True,True,0.000461759977042675
smooth,59,spline_ancova,True,True,0.0006417594850063324
smooth,59,longbet_direct,True,True,22.165693871676922
smooth,60,unadjusted,True,True,0.0019546234980225563
smooth,60,linear_ancova,True,True,0.00049616489559412
smooth,60,spline_ancova,True,True,0.0006851507350802422
smooth,60,longbet_direct,True,True,23.917072659358382
smooth,61,unadjusted,True,True,0.002110607922077179
smooth,61,linear_ancova,True,True,0.0005053626373410225
smooth,61,spline_ancova,True,True,0.0006985059008002281
smooth,61,longbet_direct,True,True,22.21231598779559
smooth,62,unadjusted,True,True,0.0018512587994337082
smooth,62,linear_ancova,True,True,0.0004885904490947723
smooth,62,spline_ancova,True,True,0.0006596827879548073
smooth,62,longbet_direct,True,True,22.447767809964716
smooth,63,unadjusted,True,True,0.002356991171836853
smooth,63,linear_ancova,True,True,0.0009445799514651299
smooth,63,spline_ancova,True,True,0.0009991331025958061
smooth,63,longbet_direct,True,True,22.533121148124337
smooth,64,unadjusted,True,True,0.00216479878872633
smooth,64,linear_ancova,True,True,0.0005066441372036934
smooth,64,spline_ancova,True,True,0.0007543005049228668
smooth,64,longbet_direct,True,True,22.436505653895438
smooth,65,unadjusted,True,True,0.0018726298585534096
smooth,65,linear_ancova,True,True,0.00048101693391799927
smooth,65,spline_ancova,True,True,0.0006485125049948692
smooth,65,longbet_direct,True,False,22.536937050521374
smooth,66,unadjusted,True,True,0.0022452212870121002
smooth,66,linear_ancova,True,True,0.0005565183237195015
smooth,66,spline_ancova,True,True,0.0006967028602957726
smooth,66,longbet_direct,True,True,22.26145896408707
smooth,67,unadjusted,True,True,0.00321132130920887
smooth,67,linear_ancova,True,True,0.0011951830238103867
smooth,67,spline_ancova,True,True,0.001414555124938488
smooth,67,longbet_direct,True,True,23.993860598653555
smooth,68,unadjusted,True,True,0.002065582200884819
smooth,68,linear_ancova,True,True,0.00048039481043815613
smooth,68,spline_ancova,True,True,0.0006583202630281448
smooth,68,longbet_direct,True,True,22.045360669493675
smooth,69,unadjusted,True,True,0.0021611815318465233
smooth,69,linear_ancova,True,True,0.0006054313853383064
smooth,69,spline_ancova,True,True,0.0006810128688812256
smooth,69,longbet_direct,True,True,22.406063314527273
smooth,70,unadjusted,True,True,0.0018876269459724426
smooth,70,linear_ancova,True,True,0.00048759952187538147
smooth,70,spline_ancova,True,True,0.0006493730470538139
smooth,70,longbet_direct,True,True,22.203163113445044
smooth,71,unadjusted,True,True,0.0018373019993305206
smooth,71,linear_ancova,True,True,0.0004897434264421463
smooth,71,spline_ancova,True,True,0.0006507467478513718
smooth,71,longbet_direct,True,True,22.442685656249523
smooth,72,unadjusted,True,True,0.0018414994701743126
smooth,72,linear_ancova,True,True,0.00047779176384210587
smooth,72,spline_ancova,True,True,0.0006330227479338646
smooth,72,longbet_direct,True,True,21.98947491403669
smooth,73,unadjusted,True,True,0.001971544697880745
smooth,73,linear_ancova,True,True,0.0005073854699730873
smooth,73,spline_ancova,True,True,0.0006828876212239265
smooth,73,longbet_direct,True,True,24.140164237469435
smooth,74,unadjusted,True,True,0.0018254602327942848
smooth,74,linear_ancova,True,True,0.0004630414769053459
smooth,74,spline_ancova,True,True,0.000629977323114872
smooth,74,longbet_direct,True,True,22.216021440923214
smooth,75,unadjusted,True,True,0.0018424810841679573
smooth,75,linear_ancova,True,True,0.0004756264388561249
smooth,75,spline_ancova,True,True,0.0006482414901256561
smooth,75,longbet_direct,True,True,22.41175277531147
smooth,76,unadjusted,True,True,0.0018581124022603035
smooth,76,linear_ancova,True,True,0.00046697910875082016
smooth,76,spline_ancova,True,True,0.0006540222093462944
smooth,76,longbet_direct,True,True,22.50969105679542
smooth,77,unadjusted,True,True,0.0018644025549292564
smooth,77,linear_ancova,True,True,0.0004753256216645241
smooth,77,spline_ancova,True,True,0.0006382325664162636
smooth,77,longbet_direct,True,True,22.257682602852583
smooth,78,unadjusted,True,True,0.001864902675151825
smooth,78,linear_ancova,True,True,0.00048128701746463776
smooth,78,spline_ancova,True,True,0.000667196698486805
smooth,78,longbet_direct,True,True,22.181348386220634
smooth,79,unadjusted,True,True,0.001967586576938629
smooth,79,linear_ancova,True,True,0.0005167340859770775
smooth,79,spline_ancova,True,True,0.0006996979936957359
smooth,79,longbet_direct,True,True,22.141167948022485
smooth,80,unadjusted,True,True,0.002553621307015419
smooth,80,linear_ancova,True,True,0.0005293469876050949
smooth,80,spline_ancova,True,True,0.0007136547937989235
smooth,80,longbet_direct,True,True,24.13870493043214
smooth,81,unadjusted,True,True,0.001894368790090084
smooth,81,linear_ancova,True,True,0.0004709772765636444
smooth,81,spline_ancova,True,True,0.0006624180823564529
smooth,81,longbet_direct,True,True,22.46360251866281
smooth,82,unadjusted,True,True,0.0018439041450619698
smooth,82,linear_ancova,True,True,0.0004897722974419594
smooth,82,spline_ancova,True,True,0.0006273817270994186
smooth,82,longbet_direct,True,True,22.524509904906154
smooth,83,unadjusted,True,True,0.00186908058822155
smooth,83,linear_ancova,True,True,0.0004845932126045227
smooth,83,spline_ancova,True,True,0.0006472282111644745
smooth,83,longbet_direct,True,True,22.053052447736263
smooth,84,unadjusted,True,True,0.0030247196555137634
smooth,84,linear_ancova,True,True,0.0006430521607398987
smooth,84,spline_ancova,True,True,0.0006902916356921196
smooth,84,longbet_direct,True,True,22.20044893398881
smooth,85,unadjusted,True,True,0.0018473807722330093
smooth,85,linear_ancova,True,True,0.0005242777988314629
smooth,85,spline_ancova,True,True,0.0007221102714538574
smooth,85,longbet_direct,True,True,22.3018904523924
smooth,86,unadjusted,True,True,0.0018946798518300056
smooth,86,linear_ancova,True,True,0.00046247150748968124
smooth,86,spline_ancova,True,True,0.0006815837696194649
smooth,86,longbet_direct,True,False,22.508627861738205
smooth,87,unadjusted,True,True,0.0020078020170331
smooth,87,linear_ancova,True,True,0.0005470309406518936
smooth,87,spline_ancova,True,True,0.0006670570001006126
smooth,87,longbet_direct,True,True,22.458052523434162
smooth,88,unadjusted,True,True,0.001967376098036766
smooth,88,linear_ancova,True,True,0.0004934482276439667
smooth,88,spline_ancova,True,True,0.0007050279527902603
smooth,88,longbet_direct,True,True,24.17174952942878
smooth,89,unadjusted,True,True,0.0018629198893904686
smooth,89,linear_ancova,True,True,0.00046369340270757675
smooth,89,spline_ancova,True,True,0.000650615431368351
smooth,89,longbet_direct,True,True,21.961004455573857
smooth,90,unadjusted,True,True,0.0018783295527100563
smooth,90,linear_ancova,True,True,0.0005480218678712845
smooth,90,spline_ancova,True,True,0.0007629776373505592
smooth,90,longbet_direct,True,True,22.169652450829744
smooth,91,unadjusted,True,True,0.0018211398273706436
smooth,91,linear_ancova,True,True,0.0004654759541153908
smooth,91,spline_ancova,True,True,0.0006891181692481041
smooth,91,longbet_direct,True,True,22.147120328620076
smooth,92,unadjusted,True,True,0.002046935260295868
smooth,92,linear_ancova,True,True,0.0005240179598331451
smooth,92,spline_ancova,True,True,0.0010572019964456558
smooth,92,longbet_direct,True,True,22.18338266480714
smooth,93,unadjusted,True,True,0.0018596341833472252
smooth,93,linear_ancova,True,True,0.0004947623237967491
smooth,93,spline_ancova,True,True,0.0006624888628721237
smooth,93,longbet_direct,True,True,22.588080674409866
smooth,94,unadjusted,True,True,0.001957007683813572
smooth,94,linear_ancova,True,True,0.0005025565624237061
smooth,94,spline_ancova,True,True,0.000750604085624218
smooth,94,longbet_direct,True,True,24.0562114296481
smooth,95,unadjusted,True,True,0.00218080822378397
smooth,95,linear_ancova,True,True,0.0005980366840958595
smooth,95,spline_ancova,True,True,0.0007041357457637787
smooth,95,longbet_direct,True,True,22.106707276776433
smooth,96,unadjusted,True,True,0.0018508471548557281
smooth,96,linear_ancova,True,True,0.0004694843664765358
smooth,96,spline_ancova,True,True,0.0006314795464277267
smooth,96,longbet_direct,True,True,22.182268496602774
smooth,97,unadjusted,True,True,0.0018483325839042664
smooth,97,linear_ancova,True,True,0.0004756152629852295
smooth,97,spline_ancova,True,True,0.0006482405588030815
smooth,97,longbet_direct,True,True,22.078255020081997
smooth,98,unadjusted,True,True,0.0018684398382902145
smooth,98,linear_ancova,True,True,0.00047598686069250107
smooth,98,spline_ancova,True,True,0.0006622476503252983
smooth,98,longbet_direct,True,True,22.306524058803916
smooth,99,unadjusted,True,True,0.002237904816865921
smooth,99,linear_ancova,True,True,0.0005574114620685577
smooth,99,spline_ancova,True,True,0.0006938567385077477
smooth,99,longbet_direct,True,True,22.233155238442123
abrupt,0,unadjusted,True,True,0.0019508851692080498
abrupt,0,linear_ancova,True,True,0.0005038287490606308
abrupt,0,spline_ancova,True,True,0.000675140880048275
abrupt,0,longbet_direct,True,True,23.83407722506672
abrupt,1,unadjusted,True,True,0.0018249284476041794
abrupt,1,linear_ancova,True,True,0.0004818476736545563
abrupt,1,spline_ancova,True,True,0.0006483709439635277
abrupt,1,longbet_direct,True,True,22.17843627743423
abrupt,2,unadjusted,True,True,0.0018099397420883179
abrupt,2,linear_ancova,True,True,0.0004652859643101692
abrupt,2,spline_ancova,True,True,0.000659341923892498
abrupt,2,longbet_direct,True,True,22.208077426999807
abrupt,3,unadjusted,True,True,0.003405083902180195
abrupt,3,linear_ancova,True,True,0.0005615176633000374
abrupt,3,spline_ancova,True,True,0.0007332619279623032
abrupt,3,longbet_direct,True,True,22.225162517279387
abrupt,4,unadjusted,True,True,0.001870112493634224
abrupt,4,linear_ancova,True,True,0.00048161670565605164
abrupt,4,spline_ancova,True,True,0.0006634807214140892
abrupt,4,longbet_direct,True,True,22.443061158061028
abrupt,5,unadjusted,True,True,0.0018723877146840096
abrupt,5,linear_ancova,True,True,0.00046336278319358826
abrupt,5,spline_ancova,True,True,0.0006681689992547035
abrupt,5,longbet_direct,True,True,22.51383361965418
abrupt,6,unadjusted,True,True,0.0021567530930042267
abrupt,6,linear_ancova,True,True,0.0005522500723600388
abrupt,6,spline_ancova,True,True,0.0007041562348604202
abrupt,6,longbet_direct,True,False,24.329066986218095
abrupt,7,unadjusted,True,True,0.0019476180896162987
abrupt,7,linear_ancova,True,True,0.000464404933154583
abrupt,7,spline_ancova,True,True,0.0006646718829870224
abrupt,7,longbet_direct,True,True,22.243580070324242
abrupt,8,unadjusted,True,True,0.001903163269162178
abrupt,8,linear_ancova,True,True,0.0005649244412779808
abrupt,8,spline_ancova,True,True,0.0007277503609657288
abrupt,8,longbet_direct,True,True,22.557068425230682
abrupt,9,unadjusted,True,True,0.001850656233727932
abrupt,9,linear_ancova,True,True,0.0004640743136405945
abrupt,9,spline_ancova,True,True,0.0006524687632918358
abrupt,9,longbet_direct,True,True,22.6891195429489
abrupt,10,unadjusted,True,True,0.0018485616892576218
abrupt,10,linear_ancova,True,True,0.00048549380153417587
abrupt,10,spline_ancova,True,True,0.0006664656102657318
abrupt,10,longbet_direct,True,True,22.73817647434771
abrupt,11,unadjusted,True,True,0.001901061274111271
abrupt,11,linear_ancova,True,True,0.000591503456234932
abrupt,11,spline_ancova,True,True,0.0006866632029414177
abrupt,11,longbet_direct,True,True,22.651494069956243
abrupt,12,unadjusted,True,True,0.0018894290551543236
abrupt,12,linear_ancova,True,True,0.0005005914717912674
abrupt,12,spline_ancova,True,True,0.000652087852358818
abrupt,12,longbet_direct,True,True,22.745831076055765
abrupt,13,unadjusted,True,True,0.002033200114965439
abrupt,13,linear_ancova,True,True,0.0005247779190540314
abrupt,13,spline_ancova,True,True,0.0007429486140608788
abrupt,13,longbet_direct,True,True,24.23745319340378
abrupt,14,unadjusted,True,True,0.001817292533814907
abrupt,14,linear_ancova,True,True,0.0004744129255414009
abrupt,14,spline_ancova,True,True,0.000642159953713417
abrupt,14,longbet_direct,True,True,22.1075639994815
abrupt,15,unadjusted,True,True,0.0018747011199593544
abrupt,15,linear_ancova,True,True,0.0004905937239527702
abrupt,15,spline_ancova,True,True,0.0006407769396901131
abrupt,15,longbet_direct,True,True,22.34446557238698
abrupt,16,unadjusted,True,True,0.0020047659054398537
abrupt,16,linear_ancova,True,True,0.0004892023280262947
abrupt,16,spline_ancova,True,True,0.0006819451227784157
abrupt,16,longbet_direct,True,True,22.41277475748211
abrupt,17,unadjusted,True,True,0.00241206306964159
abrupt,17,linear_ancova,True,True,0.0006839577108621597
abrupt,17,spline_ancova,True,True,0.0008092643693089485
abrupt,17,longbet_direct,True,True,22.495503704994917
abrupt,18,unadjusted,True,True,0.0018373914062976837
abrupt,18,linear_ancova,True,True,0.00048603489995002747
abrupt,18,spline_ancova,True,True,0.0006752815097570419
abrupt,18,longbet_direct,True,True,22.362270625308156
abrupt,19,unadjusted,True,True,0.0020234910771250725
abrupt,19,linear_ancova,True,True,0.0005095293745398521
abrupt,19,spline_ancova,True,True,0.0007006488740444183
abrupt,19,longbet_direct,True,True,23.99871671292931
abrupt,20,unadjusted,True,True,0.002934957854449749
abrupt,20,linear_ancova,True,True,0.0008410941809415817
abrupt,20,spline_ancova,True,True,0.0011247480288147926
abrupt,20,longbet_direct,True,True,22.62004164699465
abrupt,21,unadjusted,True,True,0.0018205894157290459
abrupt,21,linear_ancova,True,True,0.0004620403051376343
abrupt,21,spline_ancova,True,True,0.0006525591015815735
abrupt,21,longbet_direct,True,True,22.603724001906812
abrupt,22,unadjusted,True,True,0.001969769597053528
abrupt,22,linear_ancova,True,True,0.0004885699599981308
abrupt,22,spline_ancova,True,True,0.0006646709516644478
abrupt,22,longbet_direct,True,True,23.192955003120005
abrupt,23,unadjusted,True,True,0.0019014012068510056
abrupt,23,linear_ancova,True,True,0.000491035170853138
abrupt,23,spline_ancova,True,True,0.0006341245025396347
abrupt,23,longbet_direct,True,True,23.29721078556031
abrupt,24,unadjusted,True,True,0.0021425848826766014
abrupt,24,linear_ancova,True,True,0.0005587022751569748
abrupt,24,spline_ancova,True,True,0.0008299741894006729
abrupt,24,longbet_direct,True,True,23.152253687381744
abrupt,25,unadjusted,True,True,0.0019172504544258118
abrupt,25,linear_ancova,True,True,0.0004664883017539978
abrupt,25,spline_ancova,True,True,0.000681484118103981
abrupt,25,longbet_direct,True,True,24.489141358062625
abrupt,26,unadjusted,True,True,0.001926688477396965
abrupt,26,linear_ancova,True,True,0.00048461277037858963
abrupt,26,spline_ancova,True,True,0.0006698118522763252
abrupt,26,longbet_direct,True,True,22.661485499702394
abrupt,27,unadjusted,True,True,0.001921357586979866
abrupt,27,linear_ancova,True,True,0.00047724880278110504
abrupt,27,spline_ancova,True,True,0.0006725667044520378
abrupt,27,longbet_direct,True,True,22.393557750619948
abrupt,28,unadjusted,True,True,0.001981201581656933
abrupt,28,linear_ancova,True,True,0.0005696434527635574
abrupt,28,spline_ancova,True,True,0.0007326388731598854
abrupt,28,longbet_direct,True,True,22.60014425124973
abrupt,29,unadjusted,True,True,0.0020144646987318993
abrupt,29,linear_ancova,True,True,0.0004888204857707024
abrupt,29,spline_ancova,True,True,0.0006705131381750107
abrupt,29,longbet_direct,True,True,22.463916142471135
abrupt,30,unadjusted,True,True,0.001858619973063469
abrupt,30,linear_ancova,True,True,0.00048502348363399506
abrupt,30,spline_ancova,True,True,0.000666874460875988
abrupt,30,longbet_direct,True,True,22.06430407613516
abrupt,31,unadjusted,True,True,0.0034822067245841026
abrupt,31,linear_ancova,True,True,0.0006309784948825836
abrupt,31,spline_ancova,True,True,0.0008359942585229874
abrupt,31,longbet_direct,True,True,23.977758575230837
abrupt,32,unadjusted,True,True,0.0019818423315882683
abrupt,32,linear_ancova,True,True,0.0004782704636454582
abrupt,32,spline_ancova,True,True,0.0006357263773679733
abrupt,32,longbet_direct,True,True,22.061172843910754
abrupt,33,unadjusted,True,True,0.0018905401229858398
abrupt,33,linear_ancova,True,True,0.0004831496626138687
abrupt,33,spline_ancova,True,True,0.0006414875388145447
abrupt,33,longbet_direct,True,True,22.070029069669545
abrupt,34,unadjusted,True,True,0.0019035246223211288
abrupt,34,linear_ancova,True,True,0.0004701158031821251
abrupt,34,spline_ancova,True,True,0.0006512468680739403
abrupt,34,longbet_direct,True,True,22.42787580098957
abrupt,35,unadjusted,True,True,0.0018908604979515076
abrupt,35,linear_ancova,True,True,0.0005047209560871124
abrupt,35,spline_ancova,True,True,0.0006358465179800987
abrupt,35,longbet_direct,True,True,22.28550279699266
abrupt,36,unadjusted,True,True,0.0018308786675333977
abrupt,36,linear_ancova,True,True,0.0004691537469625473
abrupt,36,spline_ancova,True,True,0.000635066069662571
abrupt,36,longbet_direct,True,True,22.15254450403154
abrupt,37,unadjusted,True,True,0.002022598870098591
abrupt,37,linear_ancova,True,True,0.0004722597077488899
abrupt,37,spline_ancova,True,True,0.0007298747077584267
abrupt,37,longbet_direct,True,True,23.79315723385662
abrupt,38,unadjusted,True,True,0.0023896601051092148
abrupt,38,linear_ancova,True,True,0.0005602249875664711
abrupt,38,spline_ancova,True,True,0.0006593726575374603
abrupt,38,longbet_direct,True,True,22.369337585754693
abrupt,39,unadjusted,True,True,0.0018555950373411179
abrupt,39,linear_ancova,True,True,0.0004783608019351959
abrupt,39,spline_ancova,True,True,0.0006394442170858383
abrupt,39,longbet_direct,True,True,22.253057673573494
abrupt,40,unadjusted,True,True,0.0019328901544213295
abrupt,40,linear_ancova,True,True,0.00046330224722623825
abrupt,40,spline_ancova,True,True,0.0006517674773931503
abrupt,40,longbet_direct,True,True,22.56374842301011
abrupt,41,unadjusted,True,True,0.0018711443990468979
abrupt,41,linear_ancova,True,True,0.0004654964432120323
abrupt,41,spline_ancova,True,True,0.0007098875939846039
abrupt,41,longbet_direct,True,True,22.42157704476267
abrupt,42,unadjusted,True,True,0.0018675671890377998
abrupt,42,linear_ancova,True,True,0.00047678686678409576
abrupt,42,spline_ancova,True,True,0.0006593214347958565
abrupt,42,longbet_direct,True,True,22.238664373755455
abrupt,43,unadjusted,True,True,0.0019976822659373283
abrupt,43,linear_ancova,True,True,0.000513806939125061
abrupt,43,spline_ancova,True,True,0.0006817542016506195
abrupt,43,longbet_direct,True,True,24.383026185445487
abrupt,44,unadjusted,True,True,0.0018871231004595757
abrupt,44,linear_ancova,True,True,0.0004812469705939293
abrupt,44,spline_ancova,True,True,0.0006590411067008972
abrupt,44,longbet_direct,True,True,22.609877278096974
abrupt,45,unadjusted,True,True,0.0024926140904426575
abrupt,45,linear_ancova,True,True,0.0005053915083408356
abrupt,45,spline_ancova,True,True,0.0006521381437778473
abrupt,45,longbet_direct,True,True,22.607981538400054
abrupt,46,unadjusted,True,True,0.0024187248200178146
abrupt,46,linear_ancova,True,True,0.0006208494305610657
abrupt,46,spline_ancova,True,True,0.0006868233904242516
abrupt,46,longbet_direct,True,True,22.926329961046576
abrupt,47,unadjusted,True,True,0.001876533031463623
abrupt,47,linear_ancova,True,True,0.0004609273746609688
abrupt,47,spline_ancova,True,True,0.0006935065612196922
abrupt,47,longbet_direct,True,True,22.696412343531847
abrupt,48,unadjusted,True,True,0.0018733078613877296
abrupt,48,linear_ancova,True,True,0.0005030278116464615
abrupt,48,spline_ancova,True,True,0.0006544534116983414
abrupt,48,longbet_direct,True,True,22.708494132384658
abrupt,49,unadjusted,True,True,0.0020976597443223
abrupt,49,linear_ancova,True,True,0.000554884783923626
abrupt,49,spline_ancova,True,True,0.0006982441991567612
abrupt,49,longbet_direct,True,True,22.277661171741784
abrupt,50,unadjusted,True,True,0.0019970694556832314
abrupt,50,linear_ancova,True,True,0.0005222922191023827
abrupt,50,spline_ancova,True,True,0.0006837174296379089
abrupt,50,longbet_direct,True,True,23.932714000344276
abrupt,51,unadjusted,True,True,0.0018720049411058426
abrupt,51,linear_ancova,True,True,0.0004691546782851219
abrupt,51,spline_ancova,True,True,0.0006499132141470909
abrupt,51,longbet_direct,True,True,22.116837633773685
abrupt,52,unadjusted,True,True,0.0019495515152812004
abrupt,52,linear_ancova,True,True,0.0004901429638266563
abrupt,52,spline_ancova,True,True,0.0006594108417630196
abrupt,52,longbet_direct,True,True,22.3158703064546
abrupt,53,unadjusted,True,True,0.001883605495095253
abrupt,53,linear_ancova,True,True,0.0004939297214150429
abrupt,53,spline_ancova,True,True,0.0006309375166893005
abrupt,53,longbet_direct,True,True,22.39391754101962
abrupt,54,unadjusted,True,True,0.0021401094272732735
abrupt,54,linear_ancova,True,True,0.0006458954885601997
abrupt,54,spline_ancova,True,True,0.0006798896938562393
abrupt,54,longbet_direct,True,True,22.562456735409796
abrupt,55,unadjusted,True,True,0.00192326121032238
abrupt,55,linear_ancova,True,True,0.0005139578133821487
abrupt,55,spline_ancova,True,True,0.0006892578676342964
abrupt,55,longbet_direct,True,True,22.787355435080826
abrupt,56,unadjusted,True,True,0.00211911927908659
abrupt,56,linear_ancova,True,True,0.000972590409219265
abrupt,56,spline_ancova,True,True,0.000926503911614418
abrupt,56,longbet_direct,True,True,22.779340332373977
abrupt,57,unadjusted,True,True,0.0019965488463640213
abrupt,57,linear_ancova,True,True,0.0005161724984645844
abrupt,57,spline_ancova,True,True,0.0007133036851882935
abrupt,57,longbet_direct,True,True,25.010883139446378
abrupt,58,unadjusted,True,True,0.0026137912645936012
abrupt,58,linear_ancova,True,True,0.0009554093703627586
abrupt,58,spline_ancova,True,True,0.0010869260877370834
abrupt,58,longbet_direct,True,True,23.660215094685555
abrupt,59,unadjusted,True,True,0.003696640022099018
abrupt,59,linear_ancova,True,True,0.0005828579887747765
abrupt,59,spline_ancova,True,True,0.0007370468229055405
abrupt,59,longbet_direct,True,True,23.783055434934795
abrupt,60,unadjusted,True,True,0.001998472958803177
abrupt,60,linear_ancova,True,True,0.0005160411819815636
abrupt,60,spline_ancova,True,True,0.0007023727521300316
abrupt,60,longbet_direct,True,True,24.241906012408435
abrupt,61,unadjusted,True,True,0.002699032425880432
abrupt,61,linear_ancova,True,True,0.0005366113036870956
abrupt,61,spline_ancova,True,True,0.0006937766447663307
abrupt,61,longbet_direct,True,True,24.94315162859857
abrupt,62,unadjusted,True,True,0.002255776897072792
abrupt,62,linear_ancova,True,True,0.0006183236837387085
abrupt,62,spline_ancova,True,True,0.0009195310994982719
abrupt,62,longbet_direct,True,True,24.92070140130818
abrupt,63,unadjusted,True,True,0.0022516902536153793
abrupt,63,linear_ancova,True,True,0.0006559751927852631
abrupt,63,spline_ancova,True,True,0.0007248148322105408
abrupt,63,longbet_direct,True,True,25.435365099459887
abrupt,64,unadjusted,True,True,0.0020785126835107803
abrupt,64,linear_ancova,True,True,0.000522012822329998
abrupt,64,spline_ancova,True,True,0.0006930343806743622
abrupt,64,longbet_direct,True,True,25.146910082548857
abrupt,65,unadjusted,True,True,0.0020690560340881348
abrupt,65,linear_ancova,True,True,0.0005067139863967896
abrupt,65,spline_ancova,True,True,0.0006684474647045135
abrupt,65,longbet_direct,True,True,25.031618850305676
abrupt,66,unadjusted,True,True,0.0019654007628560066
abrupt,66,linear_ancova,True,True,0.000583278015255928
abrupt,66,spline_ancova,True,True,0.0007386710494756699
abrupt,66,longbet_direct,True,True,24.773423029109836
abrupt,67,unadjusted,True,True,0.0020051253959536552
abrupt,67,linear_ancova,True,True,0.0005347765982151031
abrupt,67,spline_ancova,True,True,0.0006830152124166489
abrupt,67,longbet_direct,True,True,26.48842861317098
abrupt,68,unadjusted,True,True,0.0025124894455075264
abrupt,68,linear_ancova,True,True,0.000708242878317833
abrupt,68,spline_ancova,True,True,0.0009698960930109024
abrupt,68,longbet_direct,True,True,25.227781867608428
abrupt,69,unadjusted,True,True,0.003044421784579754
abrupt,69,linear_ancova,True,True,0.0008896542713046074
abrupt,69,spline_ancova,True,True,0.0011461181566119194
abrupt,69,longbet_direct,True,True,25.623212785460055
abrupt,70,unadjusted,True,True,0.002565089613199234
abrupt,70,linear_ancova,True,True,0.000692363828420639
abrupt,70,spline_ancova,True,True,0.0007416056469082832
abrupt,70,longbet_direct,True,True,25.170472595840693
abrupt,71,unadjusted,True,True,0.0020548291504383087
abrupt,71,linear_ancova,True,True,0.0005158726125955582
abrupt,71,spline_ancova,True,True,0.0006888965144753456
abrupt,71,longbet_direct,True,True,25.43582733720541
abrupt,72,unadjusted,True,True,0.0020241113379597664
abrupt,72,linear_ancova,True,True,0.0005268119275569916
abrupt,72,spline_ancova,True,True,0.0006825858727097511
abrupt,72,longbet_direct,True,True,25.24339108541608
abrupt,73,unadjusted,True,True,0.002028379589319229
abrupt,73,linear_ancova,True,True,0.0005034776404500008
abrupt,73,spline_ancova,True,True,0.0007100468501448631
abrupt,73,longbet_direct,True,True,24.390269588679075
abrupt,74,unadjusted,True,True,0.0021322546526789665
abrupt,74,linear_ancova,True,True,0.0007331995293498039
abrupt,74,spline_ancova,True,True,0.000922386534512043
abrupt,74,longbet_direct,True,True,24.55411855597049
abrupt,75,unadjusted,True,True,0.0024452535435557365
abrupt,75,linear_ancova,True,True,0.0005823653191328049
abrupt,75,spline_ancova,True,True,0.0007022516801953316
abrupt,75,longbet_direct,True,True,25.25175468530506
abrupt,76,unadjusted,True,True,0.00204521045088768
abrupt,76,linear_ancova,True,True,0.0005266722291707993
abrupt,76,spline_ancova,True,True,0.0007144352421164513
abrupt,76,longbet_direct,True,True,23.89973734598607
abrupt,77,unadjusted,True,True,0.0021921666339039803
abrupt,77,linear_ancova,True,True,0.0005609672516584396
abrupt,77,spline_ancova,True,True,0.0006784675642848015
abrupt,77,longbet_direct,True,True,24.386698602698743
abrupt,78,unadjusted,True,True,0.0023009227588772774
abrupt,78,linear_ancova,True,True,0.0006440924480557442
abrupt,78,spline_ancova,True,True,0.0007323287427425385
abrupt,78,longbet_direct,True,True,23.248567540198565
abrupt,79,unadjusted,True,True,0.0020417338237166405
abrupt,79,linear_ancova,True,True,0.0005299979820847511
abrupt,79,spline_ancova,True,True,0.000661926344037056
abrupt,79,longbet_direct,True,True,22.383744946680963
abrupt,80,unadjusted,True,True,0.0027793720364570618
abrupt,80,linear_ancova,True,True,0.000779186375439167
abrupt,80,spline_ancova,True,True,0.0010121148079633713
abrupt,80,longbet_direct,True,True,22.178646381944418
abrupt,81,unadjusted,True,True,0.0019601499661803246
abrupt,81,linear_ancova,True,True,0.0005192672833800316
abrupt,81,spline_ancova,True,True,0.0007130727171897888
abrupt,81,longbet_direct,True,True,23.59403584804386
abrupt,82,unadjusted,True,True,0.0018596919253468513
abrupt,82,linear_ancova,True,True,0.0004712967202067375
abrupt,82,spline_ancova,True,True,0.0006555039435625076
abrupt,82,longbet_direct,True,True,22.269177525304258
abrupt,83,unadjusted,True,True,0.0020804861560463905
abrupt,83,linear_ancova,True,True,0.0004858439788222313
abrupt,83,spline_ancova,True,True,0.0006688991561532021
abrupt,83,longbet_direct,True,True,22.505611735396087
abrupt,84,unadjusted,True,True,0.0018628574907779694
abrupt,84,linear_ancova,True,True,0.0005047805607318878
abrupt,84,spline_ancova,True,True,0.0006878748536109924
abrupt,84,longbet_direct,True,True,22.307168795727193
abrupt,85,unadjusted,True,True,0.001839643344283104
abrupt,85,linear_ancova,True,True,0.00045073963701725006
abrupt,85,spline_ancova,True,True,0.0006390931084752083
abrupt,85,longbet_direct,True,True,22.225521088577807
abrupt,86,unadjusted,True,True,0.001904345117509365
abrupt,86,linear_ancova,True,True,0.0004740925505757332
abrupt,86,spline_ancova,True,True,0.0006487015634775162
abrupt,86,longbet_direct,True,True,22.156955073587596
abrupt,87,unadjusted,True,True,0.0019001467153429985
abrupt,87,linear_ancova,True,True,0.0004744529724121094
abrupt,87,spline_ancova,True,True,0.0006476789712905884
abrupt,87,longbet_direct,True,True,22.238889252766967
abrupt,88,unadjusted,True,True,0.0022470904514193535
abrupt,88,linear_ancova,True,True,0.0006093773990869522
abrupt,88,spline_ancova,True,True,0.0007315771654248238
abrupt,88,longbet_direct,True,True,23.93313960917294
abrupt,89,unadjusted,True,True,0.002482582814991474
abrupt,89,linear_ancova,True,True,0.0008819401264190674
abrupt,89,spline_ancova,True,True,0.0011359089985489845
abrupt,89,longbet_direct,True,True,22.84567559696734
abrupt,90,unadjusted,True,True,0.0018425984308123589
abrupt,90,linear_ancova,True,True,0.0004740925505757332
abrupt,90,spline_ancova,True,True,0.0006495732814073563
abrupt,90,longbet_direct,True,True,22.138815601356328
abrupt,91,unadjusted,True,True,0.0019416660070419312
abrupt,91,linear_ancova,True,True,0.0005272431299090385
abrupt,91,spline_ancova,True,True,0.0006769848987460136
abrupt,91,longbet_direct,True,True,22.115748565644026
abrupt,92,unadjusted,True,True,0.0031005972996354103
abrupt,92,linear_ancova,True,True,0.000503217801451683
abrupt,92,spline_ancova,True,True,0.000667305663228035
abrupt,92,longbet_direct,True,True,22.076577643863857
abrupt,93,unadjusted,True,True,0.0019418951123952866
abrupt,93,linear_ancova,True,True,0.0005499562248587608
abrupt,93,spline_ancova,True,True,0.0007368270307779312
abrupt,93,longbet_direct,True,True,22.407849854789674
abrupt,94,unadjusted,True,True,0.0018437504768371582
abrupt,94,linear_ancova,True,True,0.00046422332525253296
abrupt,94,spline_ancova,True,True,0.0006553446874022484
abrupt,94,longbet_direct,True,True,22.319677664898336
abrupt,95,unadjusted,True,True,0.001974397338926792
abrupt,95,linear_ancova,True,True,0.0004972359165549278
abrupt,95,spline_ancova,True,True,0.0006913412362337112
abrupt,95,longbet_direct,True,True,23.506939102895558
abrupt,96,unadjusted,True,True,0.001848120242357254
abrupt,96,linear_ancova,True,True,0.00048256851732730865
abrupt,96,spline_ancova,True,True,0.0006630988791584969
abrupt,96,longbet_direct,True,True,22.359388668090105
abrupt,97,unadjusted,True,True,0.0018662530928850174
abrupt,97,linear_ancova,True,True,0.00046922266483306885
abrupt,97,spline_ancova,True,True,0.0006376812234520912
abrupt,97,longbet_direct,True,True,22.24002931918949
abrupt,98,unadjusted,True,True,0.0018890360370278358
abrupt,98,linear_ancova,True,True,0.0004900535568594933
abrupt,98,spline_ancova,True,True,0.0006428500637412071
abrupt,98,longbet_direct,True,True,22.142532580532134
abrupt,99,unadjusted,True,True,0.0018500220030546188
abrupt,99,linear_ancova,True,True,0.0005303183570504189
abrupt,99,spline_ancova,True,True,0.0006834268569946289
abrupt,99,longbet_direct,True,True,22.28842155635357
weak,0,unadjusted,True,True,0.0018900567665696144
weak,0,linear_ancova,True,True,0.0004743225872516632
weak,0,spline_ancova,True,True,0.0006603840738534927
weak,0,longbet_direct,True,True,22.724788225255907
weak,1,unadjusted,True,True,0.00199176836758852
weak,1,linear_ancova,True,True,0.000535367988049984
weak,1,spline_ancova,True,True,0.0006966311484575272
weak,1,longbet_direct,True,True,23.199376503005624
weak,2,unadjusted,True,True,0.0018643094226717949
weak,2,linear_ancova,True,True,0.0004655569791793823
weak,2,spline_ancova,True,True,0.0006616050377488136
weak,2,longbet_direct,True,True,22.1175651634112
weak,3,unadjusted,True,True,0.0019145440310239792
weak,3,linear_ancova,True,True,0.0004682615399360657
weak,3,spline_ancova,True,True,0.0006370590999722481
weak,3,longbet_direct,True,True,22.030799144878983
weak,4,unadjusted,True,True,0.0019224593415856361
weak,4,linear_ancova,True,True,0.0004697442054748535
weak,4,spline_ancova,True,True,0.0006714537739753723
weak,4,longbet_direct,True,True,21.931201654486358
weak,5,unadjusted,True,True,0.0019167372956871986
weak,5,linear_ancova,True,True,0.0005240254104137421
weak,5,spline_ancova,True,True,0.0006665047258138657
weak,5,longbet_direct,True,True,22.286530388519168
weak,6,unadjusted,True,True,0.001858728937804699
weak,6,linear_ancova,True,True,0.00048711709678173065
weak,6,spline_ancova,True,True,0.0006577987223863602
weak,6,longbet_direct,True,True,22.401950421743095
weak,7,unadjusted,True,True,0.0019364254549145699
weak,7,linear_ancova,True,True,0.0005180146545171738
weak,7,spline_ancova,True,True,0.000670592300593853
weak,7,longbet_direct,True,True,23.956508613191545
weak,8,unadjusted,True,True,0.001817651093006134
weak,8,linear_ancova,True,True,0.00046545639634132385
weak,8,spline_ancova,True,True,0.0006472580134868622
weak,8,longbet_direct,True,False,22.230775381438434
weak,9,unadjusted,True,True,0.001810578629374504
weak,9,linear_ancova,True,True,0.00046395324170589447
weak,9,spline_ancova,True,True,0.0006432710215449333
weak,9,longbet_direct,True,True,22.272848965600133
weak,10,unadjusted,True,True,0.0018495209515094757
weak,10,linear_ancova,True,True,0.0004576016217470169
weak,10,spline_ancova,True,True,0.0006475187838077545
weak,10,longbet_direct,True,True,21.956196448765695
weak,11,unadjusted,True,True,0.0018626460805535316
weak,11,linear_ancova,True,True,0.000470736064016819
weak,11,spline_ancova,True,True,0.0006693601608276367
weak,11,longbet_direct,True,True,22.267822882160544
weak,12,unadjusted,True,True,0.0018339725211262703
weak,12,linear_ancova,True,True,0.00048806797713041306
weak,12,spline_ancova,True,True,0.0006435513496398926
weak,12,longbet_direct,True,True,22.3807102330029
weak,13,unadjusted,True,True,0.0018239328637719154
weak,13,linear_ancova,True,True,0.0004852134734392166
weak,13,spline_ancova,True,True,0.0006417883560061455
weak,13,longbet_direct,True,True,21.99294272158295
weak,14,unadjusted,True,True,0.002114870585501194
weak,14,linear_ancova,True,True,0.0006448347121477127
weak,14,spline_ancova,True,True,0.0008702576160430908
weak,14,longbet_direct,True,False,23.363418250344694
weak,15,unadjusted,True,True,0.0018445216119289398
weak,15,linear_ancova,True,True,0.00046264007687568665
weak,15,spline_ancova,True,True,0.0006411662325263023
weak,15,longbet_direct,True,True,22.392826283350587
weak,16,unadjusted,True,True,0.0018457844853401184
weak,16,linear_ancova,True,True,0.0004670489579439163
weak,16,spline_ancova,True,True,0.0006487313657999039
weak,16,longbet_direct,True,True,22.242511308752
weak,17,unadjusted,True,True,0.001899074763059616
weak,17,linear_ancova,True,True,0.0004771184176206589
weak,17,spline_ancova,True,True,0.0006769942119717598
weak,17,longbet_direct,True,True,22.343156502582133
weak,18,unadjusted,True,True,0.001850603148341179
weak,18,linear_ancova,True,True,0.0004709269851446152
weak,18,spline_ancova,True,True,0.0006258981302380562
weak,18,longbet_direct,True,True,22.355442008934915
weak,19,unadjusted,True,True,0.0018887650221586227
weak,19,linear_ancova,True,True,0.0004947911947965622
weak,19,spline_ancova,True,True,0.0006530694663524628
weak,19,longbet_direct,True,True,22.121564405038953
weak,20,unadjusted,True,True,0.002120361663401127
weak,20,linear_ancova,True,True,0.0006107902154326439
weak,20,spline_ancova,True,True,0.0008549587801098824
weak,20,longbet_direct,True,True,23.641894760541618
weak,21,unadjusted,True,True,0.0019159261137247086
weak,21,linear_ancova,True,True,0.0006421497091650963
weak,21,spline_ancova,True,True,0.0007603103294968605
weak,21,longbet_direct,True,True,22.194904757663608
weak,22,unadjusted,True,True,0.0023281918838620186
weak,22,linear_ancova,True,True,0.0005602547898888588
weak,22,spline_ancova,True,True,0.0006792796775698662
weak,22,longbet_direct,True,True,22.18486670125276
weak,23,unadjusted,True,True,0.0020556189119815826
weak,23,linear_ancova,True,True,0.0005693212151527405
weak,23,spline_ancova,True,True,0.0006526382640004158
weak,23,longbet_direct,True,True,22.294603029266
weak,24,unadjusted,True,True,0.001883496530354023
weak,24,linear_ancova,True,True,0.0004641534760594368
weak,24,spline_ancova,True,True,0.000662446953356266
weak,24,longbet_direct,True,True,22.53534585610032
weak,25,unadjusted,True,True,0.0019053863361477852
weak,25,linear_ancova,True,True,0.00048166699707508087
weak,25,spline_ancova,True,True,0.0006472896784543991
weak,25,longbet_direct,True,True,21.949861184693873
weak,26,unadjusted,True,True,0.002002378925681114
weak,26,linear_ancova,True,True,0.0006248857825994492
weak,26,spline_ancova,True,True,0.000804925337433815
weak,26,longbet_direct,True,True,23.97052970994264
weak,27,unadjusted,True,True,0.0020248321816325188
weak,27,linear_ancova,True,True,0.0005366802215576172
weak,27,spline_ancova,True,True,0.0006946977227926254
weak,27,longbet_direct,True,True,22.040982489474118
weak,28,unadjusted,True,True,0.00180855393409729
weak,28,linear_ancova,True,True,0.0006637889891862869
weak,28,spline_ancova,True,True,0.0006577679887413979
weak,28,longbet_direct,True,True,22.289152402430773
weak,29,unadjusted,True,True,0.0018575862050056458
weak,29,linear_ancova,True,True,0.00047078635543584824
weak,29,spline_ancova,True,True,0.0006429394707083702
weak,29,longbet_direct,True,True,22.191848184913397
weak,30,unadjusted,True,True,0.0018413756042718887
weak,30,linear_ancova,True,True,0.0004799840971827507
weak,30,spline_ancova,True,True,0.0006373785436153412
weak,30,longbet_direct,True,True,22.308005035854876
weak,31,unadjusted,True,True,0.0018302546814084053
weak,31,linear_ancova,True,True,0.00046562589704990387
weak,31,spline_ancova,True,True,0.0006538014858961105
weak,31,longbet_direct,True,True,22.091181938536465
weak,32,unadjusted,True,True,0.0019752774387598038
weak,32,linear_ancova,True,True,0.0005190679803490639
weak,32,spline_ancova,True,True,0.0006795786321163177
weak,32,longbet_direct,True,True,23.89544099289924
weak,33,unadjusted,True,True,0.0018784161657094955
weak,33,linear_ancova,True,True,0.00048349983990192413
weak,33,spline_ancova,True,True,0.0006707226857542992
weak,33,longbet_direct,True,True,22.05080286692828
weak,34,unadjusted,True,True,0.002349141053855419
weak,34,linear_ancova,True,True,0.0005243262276053429
weak,34,spline_ancova,True,True,0.0006928639486432076
weak,34,longbet_direct,True,True,22.204318608157337
weak,35,unadjusted,True,True,0.002277044579386711
weak,35,linear_ancova,True,True,0.0005695819854736328
weak,35,spline_ancova,True,True,0.0006630783900618553
weak,35,longbet_direct,True,True,22.11324081942439
weak,36,unadjusted,True,True,0.0018257563933730125
weak,36,linear_ancova,True,True,0.00046677887439727783
weak,36,spline_ancova,True,True,0.000627751462161541
weak,36,longbet_direct,True,True,22.400609741918743
weak,37,unadjusted,True,True,0.0019275182858109474
weak,37,linear_ancova,True,True,0.0004920260980725288
weak,37,spline_ancova,True,True,0.0006391722708940506
weak,37,longbet_direct,True,True,22.00942639261484
weak,38,unadjusted,True,True,0.0020041828975081444
weak,38,linear_ancova,True,True,0.0005021868273615837
weak,38,spline_ancova,True,True,0.0006623268127441406
weak,38,longbet_direct,True,True,28.009479430504143
weak,39,unadjusted,True,True,0.001903562806546688
weak,39,linear_ancova,True,True,0.0005795415490865707
weak,39,spline_ancova,True,True,0.000726708211004734
weak,39,longbet_direct,True,True,27.317872910760343
weak,40,unadjusted,True,True,0.00233615655452013
weak,40,linear_ancova,True,True,0.0005641113966703415
weak,40,spline_ancova,True,True,0.0007408251985907555
weak,40,longbet_direct,True,True,28.197954319417477
weak,41,unadjusted,True,True,0.0018570953980088234
weak,41,linear_ancova,True,True,0.00048415083438158035
weak,41,spline_ancova,True,True,0.0006646104156970978
weak,41,longbet_direct,True,True,32.89436970371753
weak,42,unadjusted,True,True,0.0019014691933989525
weak,42,linear_ancova,True,True,0.0004722774028778076
weak,42,spline_ancova,True,True,0.000669499859213829
weak,42,longbet_direct,True,True,35.33905131742358
weak,43,unadjusted,True,True,0.0019493484869599342
weak,43,linear_ancova,True,True,0.0004952121526002884
weak,43,spline_ancova,True,True,0.000665443018078804
weak,43,longbet_direct,True,False,34.31689637154341
weak,44,unadjusted,True,True,0.003306092694401741
weak,44,linear_ancova,True,True,0.0009397491812705994
weak,44,spline_ancova,True,True,0.0013382593169808388
weak,44,longbet_direct,True,True,36.832509255968034
weak,45,unadjusted,True,True,0.003819999285042286
weak,45,linear_ancova,True,True,0.0011460976675152779
weak,45,spline_ancova,True,True,0.0011841487139463425
weak,45,longbet_direct,True,True,37.88831128459424
weak,46,unadjusted,True,True,0.0033779283985495567
weak,46,linear_ancova,True,True,0.0009440165013074875
weak,46,spline_ancova,True,True,0.0012121116742491722
weak,46,longbet_direct,True,True,40.47759231366217
weak,47,unadjusted,True,True,0.002190954051911831
weak,47,linear_ancova,True,True,0.0005783680826425552
weak,47,spline_ancova,True,True,0.0009335773065686226
weak,47,longbet_direct,True,True,34.641108392737806
weak,48,unadjusted,True,True,0.0038187671452760696
weak,48,linear_ancova,True,True,0.0007670540362596512
weak,48,spline_ancova,True,True,0.001003047451376915
weak,48,longbet_direct,True,True,37.22776295058429
weak,49,unadjusted,True,True,0.0022998685017228127
weak,49,linear_ancova,True,True,0.0005760146304965019
weak,49,spline_ancova,True,True,0.00077852513641119
weak,49,longbet_direct,True,False,38.756186799146235
weak,50,unadjusted,True,True,0.00328716728836298
weak,50,linear_ancova,True,True,0.0007625147700309753
weak,50,spline_ancova,True,True,0.0010045003145933151
weak,50,longbet_direct,True,True,37.45087958313525
weak,51,unadjusted,True,True,0.002203797921538353
weak,51,linear_ancova,True,True,0.0006397031247615814
weak,51,spline_ancova,True,True,0.0008022598922252655
weak,51,longbet_direct,True,True,39.33930251095444
weak,52,unadjusted,True,True,0.0035799872130155563
weak,52,linear_ancova,True,True,0.0008998624980449677
weak,52,spline_ancova,True,True,0.0012568850070238113
weak,52,longbet_direct,True,True,38.64528542198241
weak,53,unadjusted,True,True,0.00432143360376358
weak,53,linear_ancova,True,True,0.001120629720389843
weak,53,spline_ancova,True,True,0.001423749141395092
weak,53,longbet_direct,True,True,41.15338332206011
weak,54,unadjusted,True,True,0.0023578284308314323
weak,54,linear_ancova,True,True,0.0005443934351205826
weak,54,spline_ancova,True,True,0.000788513571023941
weak,54,longbet_direct,True,True,35.185846908949316
weak,55,unadjusted,True,True,0.0034908000379800797
weak,55,linear_ancova,True,True,0.0008755270391702652
weak,55,spline_ancova,True,True,0.00122136902064085
weak,55,longbet_direct,True,True,40.17617889121175
weak,56,unadjusted,True,True,0.006391579285264015
weak,56,linear_ancova,True,True,0.0008582854643464088
weak,56,spline_ancova,True,True,0.0011795694008469582
weak,56,longbet_direct,True,True,37.599646902643144
weak,57,unadjusted,True,True,0.0036039426922798157
weak,57,linear_ancova,True,True,0.0009097736328840256
weak,57,spline_ancova,True,True,0.0012215888127684593
weak,57,longbet_direct,True,True,37.102451683953404
weak,58,unadjusted,True,True,0.0022783679887652397
weak,58,linear_ancova,True,True,0.0005854722112417221
weak,58,spline_ancova,True,True,0.0007258560508489609
weak,58,longbet_direct,True,True,38.50994772091508
weak,59,unadjusted,True,True,0.0033661555498838425
weak,59,linear_ancova,True,True,0.000980885699391365
weak,59,spline_ancova,True,True,0.0012455740943551064
weak,59,longbet_direct,True,True,36.186421597376466
weak,60,unadjusted,True,True,0.0032811742275953293
weak,60,linear_ancova,True,True,0.0008799061179161072
weak,60,spline_ancova,True,True,0.0013059983029961586
weak,60,longbet_direct,True,True,37.50179741345346
weak,61,unadjusted,True,True,0.002484586089849472
weak,61,linear_ancova,True,True,0.0005294959992170334
weak,61,spline_ancova,True,True,0.0007342919707298279
weak,61,longbet_direct,True,True,38.262166689150035
weak,62,unadjusted,True,True,0.002545020543038845
weak,62,linear_ancova,True,True,0.0005871746689081192
weak,62,spline_ancova,True,True,0.0007731644436717033
weak,62,longbet_direct,True,True,38.27984042279422
weak,63,unadjusted,True,True,0.0036014076322317123
weak,63,linear_ancova,True,True,0.0009481050074100494
weak,63,spline_ancova,True,True,0.0014318237081170082
weak,63,longbet_direct,True,True,36.472774878144264
weak,64,unadjusted,True,True,0.0035423776134848595
weak,64,linear_ancova,True,True,0.0012094462290406227
weak,64,spline_ancova,True,True,0.0012673856690526009
weak,64,longbet_direct,True,True,36.595314932987094
weak,65,unadjusted,True,True,0.00213431753218174
weak,65,linear_ancova,True,True,0.0006887167692184448
weak,65,spline_ancova,True,True,0.0008731838315725327
weak,65,longbet_direct,True,True,40.41092192847282
weak,66,unadjusted,True,True,0.0033821649849414825
weak,66,linear_ancova,True,True,0.0006182827055454254
weak,66,spline_ancova,True,True,0.0007680552080273628
weak,66,longbet_direct,True,True,36.723578789271414
weak,67,unadjusted,True,True,0.0037822481244802475
weak,67,linear_ancova,True,True,0.0008429363369941711
weak,67,spline_ancova,True,True,0.0014740535989403725
weak,67,longbet_direct,True,True,38.08827873785049
weak,68,unadjusted,True,True,0.0035546086728572845
weak,68,linear_ancova,True,True,0.0010133963078260422
weak,68,spline_ancova,True,True,0.0012196553871035576
weak,68,longbet_direct,True,True,35.74379750341177
weak,69,unadjusted,True,True,0.003550761379301548
weak,69,linear_ancova,True,True,0.0008878009393811226
weak,69,spline_ancova,True,True,0.0012529781088232994
weak,69,longbet_direct,True,True,36.95413320325315
weak,70,unadjusted,True,True,0.0033627180382609367
weak,70,linear_ancova,True,True,0.0009060660377144814
weak,70,spline_ancova,True,True,0.0012261876836419106
weak,70,longbet_direct,True,True,37.21616380196065
weak,71,unadjusted,True,True,0.0021500559523701668
weak,71,linear_ancova,True,True,0.0006111897528171539
weak,71,spline_ancova,True,True,0.0007704505696892738
weak,71,longbet_direct,True,True,37.07755313999951
weak,72,unadjusted,True,True,0.0039405860006809235
weak,72,linear_ancova,True,True,0.0012883543968200684
weak,72,spline_ancova,True,True,0.00153349619358778
weak,72,longbet_direct,True,False,37.893979454413056
weak,73,unadjusted,True,True,0.0033770250156521797
weak,73,linear_ancova,True,True,0.0008489880710840225
weak,73,spline_ancova,True,True,0.0014139898121356964
weak,73,longbet_direct,True,True,37.69775446038693
weak,74,unadjusted,True,True,0.003610013984143734
weak,74,linear_ancova,True,True,0.000861871987581253
weak,74,spline_ancova,True,True,0.0011626677587628365
weak,74,longbet_direct,True,False,37.92709464021027
weak,75,unadjusted,True,True,0.003317934460937977
weak,75,linear_ancova,True,True,0.0008042324334383011
weak,75,spline_ancova,True,True,0.0013581449165940285
weak,75,longbet_direct,True,True,36.32174071855843
weak,76,unadjusted,True,True,0.003555792383849621
weak,76,linear_ancova,True,True,0.0009064460173249245
weak,76,spline_ancova,True,True,0.001210036687552929
weak,76,longbet_direct,True,True,36.76668292377144
weak,77,unadjusted,True,True,0.0035898061469197273
weak,77,linear_ancova,True,True,0.0007641082629561424
weak,77,spline_ancova,True,True,0.0014346800744533539
weak,77,longbet_direct,True,True,36.66097156330943
weak,78,unadjusted,True,True,0.003361314535140991
weak,78,linear_ancova,True,True,0.0008393889293074608
weak,78,spline_ancova,True,True,0.0011973530054092407
weak,78,longbet_direct,True,True,38.53707693424076
weak,79,unadjusted,True,True,0.003805641084909439
weak,79,linear_ancova,True,True,0.0009103231132030487
weak,79,spline_ancova,True,True,0.0014288686215877533
weak,79,longbet_direct,True,True,37.205614529550076
weak,80,unadjusted,True,True,0.0034583983942866325
weak,80,linear_ancova,True,True,0.0008279792964458466
weak,80,spline_ancova,True,True,0.0013593081384897232
weak,80,longbet_direct,True,True,36.91896229237318
weak,81,unadjusted,True,True,0.003896472044289112
weak,81,linear_ancova,True,True,0.0009229965507984161
weak,81,spline_ancova,True,True,0.0012120800092816353
weak,81,longbet_direct,True,True,36.05661530606449
weak,82,unadjusted,True,True,0.0035584252327680588
weak,82,linear_ancova,True,True,0.0007928228005766869
weak,82,spline_ancova,True,True,0.001351633109152317
weak,82,longbet_direct,True,True,39.30525692179799
weak,83,unadjusted,True,True,0.0034769438207149506
weak,83,linear_ancova,True,True,0.0008711395785212517
weak,83,spline_ancova,True,True,0.00119682215154171
weak,83,longbet_direct,True,True,36.831808464601636
weak,84,unadjusted,True,True,0.002338591031730175
weak,84,linear_ancova,True,True,0.0006110500544309616
weak,84,spline_ancova,True,True,0.0007518045604228973
weak,84,longbet_direct,True,True,37.877208531834185
weak,85,unadjusted,True,True,0.003533078357577324
weak,85,linear_ancova,True,True,0.0011091465130448341
weak,85,spline_ancova,True,True,0.0013552503660321236
weak,85,longbet_direct,True,True,37.76822394132614
weak,86,unadjusted,True,True,0.003510025329887867
weak,86,linear_ancova,True,True,0.0008371360599994659
weak,86,spline_ancova,True,True,0.0012727053835988045
weak,86,longbet_direct,True,True,37.891196539625525
weak,87,unadjusted,True,True,0.0033080941066145897
weak,87,linear_ancova,True,True,0.0008190609514713287
weak,87,spline_ancova,True,True,0.0015375027433037758
weak,87,longbet_direct,True,True,36.094514220021665
weak,88,unadjusted,True,True,0.003930807113647461
weak,88,linear_ancova,True,True,0.0010736705735325813
weak,88,spline_ancova,True,True,0.0010435236617922783
weak,88,longbet_direct,True,True,35.904480065219104
weak,89,unadjusted,True,True,0.0036080386489629745
weak,89,linear_ancova,True,True,0.0009404802694916725
weak,89,spline_ancova,True,True,0.0012421375140547752
weak,89,longbet_direct,True,True,38.145261594094336
weak,90,unadjusted,True,True,0.004559630528092384
weak,90,linear_ancova,True,True,0.0010384544730186462
weak,90,spline_ancova,True,True,0.001308162696659565
weak,90,longbet_direct,True,True,36.76577686332166
weak,91,unadjusted,True,True,0.003794119693338871
weak,91,linear_ancova,True,True,0.0012901686131954193
weak,91,spline_ancova,True,True,0.0016873246058821678
weak,91,longbet_direct,True,True,37.47191337123513
weak,92,unadjusted,True,True,0.0023092245683073997
weak,92,linear_ancova,True,True,0.0005966722965240479
weak,92,spline_ancova,True,True,0.000712190754711628
weak,92,longbet_direct,True,True,35.94255510251969
weak,93,unadjusted,True,True,0.0033875349909067154
weak,93,linear_ancova,True,True,0.0009513404220342636
weak,93,spline_ancova,True,True,0.0012413561344146729
weak,93,longbet_direct,True,True,37.98543742951006
weak,94,unadjusted,True,True,0.0030371854081749916
weak,94,linear_ancova,True,True,0.0007749786600470543
weak,94,spline_ancova,True,True,0.0011382019147276878
weak,94,longbet_direct,True,True,36.27207834273577
weak,95,unadjusted,True,True,0.0034061195328831673
weak,95,linear_ancova,True,True,0.0008937623351812363
weak,95,spline_ancova,True,True,0.001261604018509388
weak,95,longbet_direct,True,True,37.43380624614656
weak,96,unadjusted,True,True,0.0038557546213269234
weak,96,linear_ancova,True,True,0.0011330926790833473
weak,96,spline_ancova,True,True,0.0016420502215623856
weak,96,longbet_direct,True,True,36.606005642563105
weak,97,unadjusted,True,True,0.0035997843369841576
weak,97,linear_ancova,True,True,0.0008396496996283531
weak,97,spline_ancova,True,True,0.0013545695692300797
weak,97,longbet_direct,True,True,38.19902519788593
weak,98,unadjusted,True,True,0.004036075435578823
weak,98,linear_ancova,True,True,0.0008508209139108658
weak,98,spline_ancova,True,True,0.0012616943567991257
weak,98,longbet_direct,True,True,37.73054413218051
weak,99,unadjusted,True,True,0.002325615845620632
weak,99,linear_ancova,True,True,0.000552118755877018
weak,99,spline_ancova,True,True,0.0007526353001594543
weak,99,longbet_direct,True,False,37.69163603987545
zero,0,unadjusted,True,True,0.004249886609613895
zero,0,linear_ancova,True,True,0.0008950252085924149
zero,0,spline_ancova,True,True,0.0014757467433810234
zero,0,longbet_direct,True,True,38.689805353060365
zero,1,unadjusted,True,True,0.0034203864634037018
zero,1,linear_ancova,True,True,0.0008888626471161842
zero,1,spline_ancova,True,True,0.001202622428536415
zero,1,longbet_direct,True,True,37.19006360601634
zero,2,unadjusted,True,True,0.0034013399854302406
zero,2,linear_ancova,True,True,0.0008262544870376587
zero,2,spline_ancova,True,True,0.0012733163312077522
zero,2,longbet_direct,True,False,38.05032136105001
zero,3,unadjusted,True,True,0.003299619071185589
zero,3,linear_ancova,True,True,0.0011680880561470985
zero,3,spline_ancova,True,True,0.0011790888383984566
zero,3,longbet_direct,True,False,35.28909472748637
zero,4,unadjusted,True,True,0.0033575575798749924
zero,4,linear_ancova,True,True,0.0008729724213480949
zero,4,spline_ancova,True,True,0.001303323544561863
zero,4,longbet_direct,True,True,36.78171550389379
zero,5,unadjusted,True,True,0.004058397375047207
zero,5,linear_ancova,True,True,0.001103946939110756
zero,5,spline_ancova,True,True,0.0017276210710406303
zero,5,longbet_direct,True,True,36.2683273460716
zero,6,unadjusted,True,True,0.0034612929448485374
zero,6,linear_ancova,True,True,0.0008056657388806343
zero,6,spline_ancova,True,True,0.001245293766260147
zero,6,longbet_direct,True,True,37.59085626434535
zero,7,unadjusted,True,True,0.003297124058008194
zero,7,linear_ancova,True,True,0.0007620546966791153
zero,7,spline_ancova,True,True,0.0007812296971678734
zero,7,longbet_direct,True,True,37.8873786451295
zero,8,unadjusted,True,True,0.00381423719227314
zero,8,linear_ancova,True,True,0.001055295579135418
zero,8,spline_ancova,True,True,0.0012882640585303307
zero,8,longbet_direct,True,True,38.19771226774901
zero,9,unadjusted,True,True,0.003949812613427639
zero,9,linear_ancova,True,True,0.0008481759577989578
zero,9,spline_ancova,True,True,0.0013066790997982025
zero,9,longbet_direct,True,True,35.444113455712795
zero,10,unadjusted,True,True,0.004402073100209236
zero,10,linear_ancova,True,True,0.002673480659723282
zero,10,spline_ancova,True,True,0.0015604067593812943
zero,10,longbet_direct,True,True,35.949056536890566
zero,11,unadjusted,True,True,0.002409614622592926
zero,11,linear_ancova,True,True,0.0005246764048933983
zero,11,spline_ancova,True,True,0.0007597887888550758
zero,11,longbet_direct,True,True,36.72255347575992
zero,12,unadjusted,True,True,0.0035519730299711227
zero,12,linear_ancova,True,True,0.0009614294394850731
zero,12,spline_ancova,True,True,0.0016282740980386734
zero,12,longbet_direct,True,True,35.40349648799747
zero,13,unadjusted,True,True,0.004269583150744438
zero,13,linear_ancova,True,True,0.0009923772886395454
zero,13,spline_ancova,True,True,0.0012654708698391914
zero,13,longbet_direct,True,True,36.4790304498747
zero,14,unadjusted,True,True,0.004254295490682125
zero,14,linear_ancova,True,True,0.0009073065593838692
zero,14,spline_ancova,True,True,0.0007387399673461914
zero,14,longbet_direct,True,True,38.36024069134146
zero,15,unadjusted,True,True,0.0034063495695590973
zero,15,linear_ancova,True,True,0.0008624326437711716
zero,15,spline_ancova,True,True,0.0012736357748508453
zero,15,longbet_direct,True,True,35.32805342040956
zero,16,unadjusted,True,True,0.0023605218157172203
zero,16,linear_ancova,True,True,0.0005672480911016464
zero,16,spline_ancova,True,True,0.000697762705385685
zero,16,longbet_direct,True,True,36.02669987268746
zero,17,unadjusted,True,True,0.0037952112033963203
zero,17,linear_ancova,True,True,0.0008648177608847618
zero,17,spline_ancova,True,True,0.001248999498784542
zero,17,longbet_direct,True,True,37.97015736345202
zero,18,unadjusted,True,True,0.0021528610959649086
zero,18,linear_ancova,True,True,0.0005843788385391235
zero,18,spline_ancova,True,True,0.001234743744134903
zero,18,longbet_direct,True,True,36.66256451886147
zero,19,unadjusted,True,True,0.0034387297928333282
zero,19,linear_ancova,True,True,0.0009978869929909706
zero,19,spline_ancova,True,True,0.001283976249396801
zero,19,longbet_direct,True,True,36.568842539563775
zero,20,unadjusted,True,True,0.0034190239384770393
zero,20,linear_ancova,True,True,0.0008730432018637657
zero,20,spline_ancova,True,True,0.0012346329167485237
zero,20,longbet_direct,True,True,38.5631840499118
zero,21,unadjusted,True,True,0.0022842977195978165
zero,21,linear_ancova,True,True,0.0005460185930132866
zero,21,spline_ancova,True,True,0.0007275789976119995
zero,21,longbet_direct,True,True,39.620357046835124
zero,22,unadjusted,True,True,0.003956384025514126
zero,22,linear_ancova,True,True,0.0010906215757131577
zero,22,spline_ancova,True,True,0.0014869170263409615
zero,22,longbet_direct,True,True,35.96846320852637
zero,23,unadjusted,True,True,0.0024606995284557343
zero,23,linear_ancova,True,True,0.0005593625828623772
zero,23,spline_ancova,True,True,0.0007196748629212379
zero,23,longbet_direct,True,True,39.722512293607
zero,24,unadjusted,True,True,0.0038002701476216316
zero,24,linear_ancova,True,True,0.0009221453219652176
zero,24,spline_ancova,True,True,0.001284637488424778
zero,24,longbet_direct,True,True,35.833855024538934
zero,25,unadjusted,True,True,0.0035707084462046623
zero,25,linear_ancova,True,True,0.0011156285181641579
zero,25,spline_ancova,True,True,0.0014038924127817154
zero,25,longbet_direct,True,True,34.196285472251475
zero,26,unadjusted,True,True,0.0037300577387213707
zero,26,linear_ancova,True,True,0.0008233999833464622
zero,26,spline_ancova,True,True,0.001423608511686325
zero,26,longbet_direct,True,True,37.77559976466
zero,27,unadjusted,True,True,0.0034356247633695602
zero,27,linear_ancova,True,True,0.0008357623592019081
zero,27,spline_ancova,True,True,0.0013395100831985474
zero,27,longbet_direct,True,False,35.84362555295229
zero,28,unadjusted,True,True,0.002282395027577877
zero,28,linear_ancova,True,True,0.0006839865818619728
zero,28,spline_ancova,True,True,0.0007309652864933014
zero,28,longbet_direct,True,True,35.08400927204639
zero,29,unadjusted,True,True,0.003466261550784111
zero,29,linear_ancova,True,True,0.0008145235478878021
zero,29,spline_ancova,True,True,0.001202242448925972
zero,29,longbet_direct,True,False,41.338773869909346
zero,30,unadjusted,True,True,0.005572235211730003
zero,30,linear_ancova,True,True,0.0008652480319142342
zero,30,spline_ancova,True,True,0.0014964761212468147
zero,30,longbet_direct,True,True,38.10286657232791
zero,31,unadjusted,True,True,0.0037150103598833084
zero,31,linear_ancova,True,True,0.0011860709637403488
zero,31,spline_ancova,True,True,0.00138839241117239
zero,31,longbet_direct,True,True,38.17960836365819
zero,32,unadjusted,True,True,0.0038673654198646545
zero,32,linear_ancova,True,True,0.001131158322095871
zero,32,spline_ancova,True,True,0.0013058269396424294
zero,32,longbet_direct,True,False,35.91002452466637
zero,33,unadjusted,True,True,0.0034353332594037056
zero,33,linear_ancova,True,True,0.0008270861580967903
zero,33,spline_ancova,True,True,0.001337696798145771
zero,33,longbet_direct,True,True,37.51506305672228
zero,34,unadjusted,True,True,0.00353169534355402
zero,34,linear_ancova,True,True,0.00119873508810997
zero,34,spline_ancova,True,True,0.0012808702886104584
zero,34,longbet_direct,True,True,37.62482503335923
zero,35,unadjusted,True,True,0.002146258018910885
zero,35,linear_ancova,True,True,0.0005906010046601295
zero,35,spline_ancova,True,True,0.0009043505415320396
zero,35,longbet_direct,True,True,36.11082200426608
zero,36,unadjusted,True,True,0.003602638840675354
zero,36,linear_ancova,True,True,0.000875457189977169
zero,36,spline_ancova,True,True,0.0013382183387875557
zero,36,longbet_direct,True,True,36.96853436715901
zero,37,unadjusted,True,True,0.003318963572382927
zero,37,linear_ancova,True,True,0.0008279476314783096
zero,37,spline_ancova,True,True,0.0012901071459054947
zero,37,longbet_direct,True,True,36.34895769599825
zero,38,unadjusted,True,True,0.0026174234226346016
zero,38,linear_ancova,True,True,0.0005702730268239975
zero,38,spline_ancova,True,True,0.0007046656683087349
zero,38,longbet_direct,True,True,39.6885802578181
zero,39,unadjusted,True,True,0.0035268766805529594
zero,39,linear_ancova,True,True,0.000777161680161953
zero,39,spline_ancova,True,True,0.0012845564633607864
zero,39,longbet_direct,True,True,36.375772235915065
zero,40,unadjusted,True,True,0.0025950316339731216
zero,40,linear_ancova,True,True,0.0006134137511253357
zero,40,spline_ancova,True,True,0.0008492674678564072
zero,40,longbet_direct,True,True,37.770931287668645
zero,41,unadjusted,True,True,0.004204601980745792
zero,41,linear_ancova,True,True,0.0008510211482644081
zero,41,spline_ancova,True,True,0.0015315208584070206
zero,41,longbet_direct,True,True,37.36375369131565
zero,42,unadjusted,True,True,0.0034597599878907204
zero,42,linear_ancova,True,True,0.000911124050617218
zero,42,spline_ancova,True,True,0.0013678530231118202
zero,42,longbet_direct,True,True,37.79775821696967
zero,43,unadjusted,True,True,0.0033536702394485474
zero,43,linear_ancova,True,True,0.0007660612463951111
zero,43,spline_ancova,True,True,0.0007486576214432716
zero,43,longbet_direct,True,True,38.29799876362085
zero,44,unadjusted,True,True,0.0033635487779974937
zero,44,linear_ancova,True,True,0.000932193361222744
zero,44,spline_ancova,True,True,0.0012946445494890213
zero,44,longbet_direct,True,True,37.43773660901934
zero,45,unadjusted,True,True,0.00339303445070982
zero,45,linear_ancova,True,True,0.0008904961869120598
zero,45,spline_ancova,True,True,0.0011407360434532166
zero,45,longbet_direct,True,True,38.77264982648194
zero,46,unadjusted,True,True,0.004042075015604496
zero,46,linear_ancova,True,True,0.0014113858342170715
zero,46,spline_ancova,True,True,0.0013179592788219452
zero,46,longbet_direct,True,True,37.24387142620981
zero,47,unadjusted,True,True,0.0033245449885725975
zero,47,linear_ancova,True,True,0.0008712084963917732
zero,47,spline_ancova,True,True,0.0011900896206498146
zero,47,longbet_direct,True,False,36.854700081050396
zero,48,unadjusted,True,True,0.0037152403965592384
zero,48,linear_ancova,True,True,0.0010645026341080666
zero,48,spline_ancova,True,True,0.0013036131858825684
zero,48,longbet_direct,True,True,38.92145945876837
zero,49,unadjusted,True,True,0.0036145318299531937
zero,49,linear_ancova,True,True,0.000963723286986351
zero,49,spline_ancova,True,True,0.0012049665674567223
zero,49,longbet_direct,True,True,37.134885262697935
zero,50,unadjusted,True,True,0.004002029076218605
zero,50,linear_ancova,True,True,0.0011075837537646294
zero,50,spline_ancova,True,True,0.001249721273779869
zero,50,longbet_direct,True,True,40.04885599669069
zero,51,unadjusted,True,True,0.003473736345767975
zero,51,linear_ancova,True,True,0.0008185403421521187
zero,51,spline_ancova,True,True,0.0013277586549520493
zero,51,longbet_direct,True,True,39.060031856410205
zero,52,unadjusted,True,True,0.0025231773033738136
zero,52,linear_ancova,True,True,0.0006822831928730011
zero,52,spline_ancova,True,True,0.0007660118862986565
zero,52,longbet_direct,True,True,38.50456515327096
zero,53,unadjusted,True,True,0.0028566448017954826
zero,53,linear_ancova,True,True,0.0011853808537125587
zero,53,spline_ancova,True,True,0.0016917530447244644
zero,53,longbet_direct,True,False,38.12825845275074
zero,54,unadjusted,True,True,0.004109783098101616
zero,54,linear_ancova,True,True,0.00089983269572258
zero,54,spline_ancova,True,True,0.0013626329600811005
zero,54,longbet_direct,True,True,38.23996000364423
zero,55,unadjusted,True,True,0.0034056678414344788
zero,55,linear_ancova,True,True,0.0009352294728159904
zero,55,spline_ancova,True,True,0.0012601809576153755
zero,55,longbet_direct,True,True,36.576221133582294
zero,56,unadjusted,True,True,0.004236341454088688
zero,56,linear_ancova,True,True,0.0009050527587532997
zero,56,spline_ancova,True,True,0.001294504851102829
zero,56,longbet_direct,True,True,39.63282214384526
zero,57,unadjusted,True,True,0.003016396425664425
zero,57,linear_ancova,True,True,0.00093852449208498
zero,57,spline_ancova,True,True,0.0016408469527959824
zero,57,longbet_direct,True,True,39.36790726520121
zero,58,unadjusted,True,True,0.004166820086538792
zero,58,linear_ancova,True,True,0.001085902564227581
zero,58,spline_ancova,True,True,0.0015340661630034447
zero,58,longbet_direct,True,True,36.8152946382761
zero,59,unadjusted,True,True,0.003502398729324341
zero,59,linear_ancova,True,True,0.0010160021483898163
zero,59,spline_ancova,True,True,0.0016574086621403694
zero,59,longbet_direct,True,True,38.655717972666025
zero,60,unadjusted,True,True,0.0033287331461906433
zero,60,linear_ancova,True,True,0.000909159891307354
zero,60,spline_ancova,True,True,0.0013628536835312843
zero,60,longbet_direct,True,True,39.32377759926021
zero,61,unadjusted,True,True,0.003595585934817791
zero,61,linear_ancova,True,True,0.000674419105052948
zero,61,spline_ancova,True,True,0.0008316254243254662
zero,61,longbet_direct,True,True,35.98563395533711
zero,62,unadjusted,True,True,0.0034145740792155266
zero,62,linear_ancova,True,True,0.0008793845772743225
zero,62,spline_ancova,True,True,0.0012228712439537048
zero,62,longbet_direct,True,True,37.81682646274567
zero,63,unadjusted,True,True,0.0027292845770716667
zero,63,linear_ancova,True,True,0.000569511204957962
zero,63,spline_ancova,True,True,0.0008560009300708771
zero,63,longbet_direct,True,True,37.790342348627746
zero,64,unadjusted,True,True,0.00379856675863266
zero,64,linear_ancova,True,True,0.0011557750403881073
zero,64,spline_ancova,True,True,0.0013891644775867462
zero,64,longbet_direct,True,True,37.6756217032671
zero,65,unadjusted,True,True,0.003761718049645424
zero,65,linear_ancova,True,True,0.000916043296456337
zero,65,spline_ancova,True,True,0.001241966150701046
zero,65,longbet_direct,True,True,37.89973270893097
zero,66,unadjusted,True,True,0.0027110809460282326
zero,66,linear_ancova,True,True,0.0006023533642292023
zero,66,spline_ancova,True,True,0.0008310629054903984
zero,66,longbet_direct,True,True,37.35899728629738
zero,67,unadjusted,True,True,0.0022068927064538
zero,67,linear_ancova,True,True,0.0005692411214113235
zero,67,spline_ancova,True,True,0.000743337906897068
zero,67,longbet_direct,True,True,36.79923040326685
zero,68,unadjusted,True,True,0.0034903567284345627
zero,68,linear_ancova,True,True,0.0008659586310386658
zero,68,spline_ancova,True,True,0.0012148553505539894
zero,68,longbet_direct,True,True,37.42871766164899
zero,69,unadjusted,True,True,0.002118968404829502
zero,69,linear_ancova,True,True,0.0006274199113249779
zero,69,spline_ancova,True,True,0.0008782129734754562
zero,69,longbet_direct,True,True,37.23978499695659
zero,70,unadjusted,True,True,0.003410736098885536
zero,70,linear_ancova,True,True,0.0008170176297426224
zero,70,spline_ancova,True,True,0.001416034996509552
zero,70,longbet_direct,True,True,35.601997228339314
zero,71,unadjusted,True,True,0.004190092906355858
zero,71,linear_ancova,True,True,0.0009265337139368057
zero,71,spline_ancova,True,True,0.001445169560611248
zero,71,longbet_direct,True,True,38.3100371863693
zero,72,unadjusted,True,True,0.0022927336394786835
zero,72,linear_ancova,True,True,0.0005822144448757172
zero,72,spline_ancova,True,True,0.0007737651467323303
zero,72,longbet_direct,True,True,38.720705438405275
zero,73,unadjusted,True,True,0.00471082329750061
zero,73,linear_ancova,True,True,0.0008796444162726402
zero,73,spline_ancova,True,True,0.0018127597868442535
zero,73,longbet_direct,True,True,38.42016334272921
zero,74,unadjusted,True,True,0.004049238748848438
zero,74,linear_ancova,True,True,0.0009354697540402412
zero,74,spline_ancova,True,True,0.0012599499896168709
zero,74,longbet_direct,True,True,37.73076739907265
zero,75,unadjusted,True,True,0.0033916709944605827
zero,75,linear_ancova,True,True,0.0009618084877729416
zero,75,spline_ancova,True,True,0.0012598615139722824
zero,75,longbet_direct,True,True,37.5757757415995
zero,76,unadjusted,True,True,0.003483573906123638
zero,76,linear_ancova,True,True,0.0007824720814824104
zero,76,spline_ancova,True,True,0.0012256158515810966
zero,76,longbet_direct,True,True,37.78154235240072
zero,77,unadjusted,True,True,0.004022197797894478
zero,77,linear_ancova,True,True,0.0010091587901115417
zero,77,spline_ancova,True,True,0.0012805601581931114
zero,77,longbet_direct,True,False,37.280209770426154
zero,78,unadjusted,True,True,0.0035628527402877808
zero,78,linear_ancova,True,True,0.0008007464930415154
zero,78,spline_ancova,True,True,0.0011703511700034142
zero,78,longbet_direct,True,True,38.35677122976631
zero,79,unadjusted,True,True,0.004681016318500042
zero,79,linear_ancova,True,True,0.0011365776881575584
zero,79,spline_ancova,True,True,0.001328389160335064
zero,79,longbet_direct,True,True,38.391773213632405
zero,80,unadjusted,True,True,0.0037754839286208153
zero,80,linear_ancova,True,True,0.0008375858888030052
zero,80,spline_ancova,True,True,0.0011606933549046516
zero,80,longbet_direct,True,True,36.760400963015854
zero,81,unadjusted,True,True,0.003455190919339657
zero,81,linear_ancova,True,True,0.0006711417809128761
zero,81,spline_ancova,True,True,0.0009225159883499146
zero,81,longbet_direct,True,True,37.8486856482923
zero,82,unadjusted,True,True,0.0026140986010432243
zero,82,linear_ancova,True,True,0.0006638690829277039
zero,82,spline_ancova,True,True,0.0008462117984890938
zero,82,longbet_direct,True,True,36.81217412464321
zero,83,unadjusted,True,True,0.002914944663643837
zero,83,linear_ancova,True,True,0.001193065196275711
zero,83,spline_ancova,True,True,0.00130426324903965
zero,83,longbet_direct,True,True,36.94721764139831
zero,84,unadjusted,True,True,0.004983274266123772
zero,84,linear_ancova,True,True,0.0009724795818328857
zero,84,spline_ancova,True,True,0.0015215631574392319
zero,84,longbet_direct,True,True,35.33208771981299
zero,85,unadjusted,True,True,0.0036452580243349075
zero,85,linear_ancova,True,True,0.0014375634491443634
zero,85,spline_ancova,True,True,0.0013866890221834183
zero,85,longbet_direct,True,True,38.47007724829018
zero,86,unadjusted,True,True,0.003497912548482418
zero,86,linear_ancova,True,True,0.0008044438436627388
zero,86,spline_ancova,True,True,0.0012584580108523369
zero,86,longbet_direct,True,True,35.63221435621381
zero,87,unadjusted,True,True,0.0038860607892274857
zero,87,linear_ancova,True,True,0.0008208556100726128
zero,87,spline_ancova,True,True,0.0012853173539042473
zero,87,longbet_direct,True,False,35.2082485742867
zero,88,unadjusted,True,True,0.003680604510009289
zero,88,linear_ancova,True,True,0.0009323339909315109
zero,88,spline_ancova,True,True,0.0014826096594333649
zero,88,longbet_direct,True,True,38.296483827754855
zero,89,unadjusted,True,True,0.003209508955478668
zero,89,linear_ancova,True,True,0.0009800046682357788
zero,89,spline_ancova,True,True,0.0011096270754933357
zero,89,longbet_direct,True,True,36.60948346648365
zero,90,unadjusted,True,True,0.0022109001874923706
zero,90,linear_ancova,True,True,0.0005831979215145111
zero,90,spline_ancova,True,True,0.0007636863738298416
zero,90,longbet_direct,True,True,34.88535990379751
zero,91,unadjusted,True,True,0.0029382379725575447
zero,91,linear_ancova,True,True,0.0005854517221450806
zero,91,spline_ancova,True,True,0.0009103827178478241
zero,91,longbet_direct,True,True,38.89608907233924
zero,92,unadjusted,True,True,0.0021335240453481674
zero,92,linear_ancova,True,True,0.0005571581423282623
zero,92,spline_ancova,True,True,0.0007647387683391571
zero,92,longbet_direct,True,True,37.886861976236105
zero,93,unadjusted,True,True,0.0026721786707639694
zero,93,linear_ancova,True,True,0.0007969597354531288
zero,93,spline_ancova,True,True,0.0010751038789749146
zero,93,longbet_direct,True,True,38.216133329086006
zero,94,unadjusted,True,True,0.0024231383576989174
zero,94,linear_ancova,True,True,0.0005983952432870865
zero,94,spline_ancova,True,True,0.0009466707706451416
zero,94,longbet_direct,True,True,39.34286418091506
zero,95,unadjusted,True,True,0.003636641427874565
zero,95,linear_ancova,True,True,0.0008171070367097855
zero,95,spline_ancova,True,True,0.0011923843994736671
zero,95,longbet_direct,True,True,36.37741261720657
zero,96,unadjusted,True,True,0.0026951199397444725
zero,96,linear_ancova,True,True,0.0005151890218257904
zero,96,spline_ancova,True,True,0.0007381690666079521
zero,96,longbet_direct,True,True,38.120984621346
zero,97,unadjusted,True,True,0.0032776659354567528
zero,97,linear_ancova,True,True,0.0009977873414754868
zero,97,spline_ancova,True,True,0.0012096455320715904
zero,97,longbet_direct,True,True,38.075250569731
zero,98,unadjusted,True,True,0.003674914129078388
zero,98,linear_ancova,True,True,0.0008436264470219612
zero,98,spline_ancova,True,True,0.0012330105528235435
zero,98,longbet_direct,True,True,37.28575434163213
zero,99,unadjusted,True,True,0.0025761276483535767
zero,99,linear_ancova,True,True,0.0007041050121188164
zero,99,spline_ancova,True,True,0.000825212337076664
zero,99,longbet_direct,True,True,34.22222517803311
serial_heteroskedastic,0,unadjusted,True,True,0.0033826539292931557
serial_heteroskedastic,0,linear_ancova,True,True,0.0009054336696863174
serial_heteroskedastic,0,spline_ancova,True,True,0.0013113273307681084
serial_heteroskedastic,0,longbet_direct,True,False,37.30172930750996
serial_heteroskedastic,1,unadjusted,True,True,0.0038156993687152863
serial_heteroskedastic,1,linear_ancova,True,True,0.0009287167340517044
serial_heteroskedastic,1,spline_ancova,True,True,0.0014515509828925133
serial_heteroskedastic,1,longbet_direct,True,True,36.76184461824596
serial_heteroskedastic,2,unadjusted,True,True,0.0025364216417074203
serial_heteroskedastic,2,linear_ancova,True,True,0.0006369678303599358
serial_heteroskedastic,2,spline_ancova,True,True,0.0008008070290088654
serial_heteroskedastic,2,longbet_direct,True,True,35.286838435567915
serial_heteroskedastic,3,unadjusted,True,True,0.0024593770503997803
serial_heteroskedastic,3,linear_ancova,True,True,0.0006506834179162979
serial_heteroskedastic,3,spline_ancova,True,True,0.0007875105366110802
serial_heteroskedastic,3,longbet_direct,True,True,35.985224759206176
serial_heteroskedastic,4,unadjusted,True,True,0.003607206977903843
serial_heteroskedastic,4,linear_ancova,True,True,0.0008170576766133308
serial_heteroskedastic,4,spline_ancova,True,True,0.0012656822800636292
serial_heteroskedastic,4,longbet_direct,True,True,38.801825060509145
serial_heteroskedastic,5,unadjusted,True,True,0.003595755435526371
serial_heteroskedastic,5,linear_ancova,True,True,0.0008520130068063736
serial_heteroskedastic,5,spline_ancova,True,True,0.0014593061059713364
serial_heteroskedastic,5,longbet_direct,True,True,38.165953835472465
serial_heteroskedastic,6,unadjusted,True,True,0.0039567844942212105
serial_heteroskedastic,6,linear_ancova,True,True,0.0009454386308789253
serial_heteroskedastic,6,spline_ancova,True,True,0.0013624131679534912
serial_heteroskedastic,6,longbet_direct,True,True,36.7937760874629
serial_heteroskedastic,7,unadjusted,True,True,0.003923671320080757
serial_heteroskedastic,7,linear_ancova,True,True,0.0008679740130901337
serial_heteroskedastic,7,spline_ancova,True,True,0.0012298841029405594
serial_heteroskedastic,7,longbet_direct,True,True,37.10409025289118
serial_heteroskedastic,8,unadjusted,True,True,0.003941887058317661
serial_heteroskedastic,8,linear_ancova,True,True,0.0009397873654961586
serial_heteroskedastic,8,spline_ancova,True,True,0.0014988593757152557
serial_heteroskedastic,8,longbet_direct,True,True,37.09884372353554
serial_heteroskedastic,9,unadjusted,True,True,0.0025060446932911873
serial_heteroskedastic,9,linear_ancova,True,True,0.0005728080868721008
serial_heteroskedastic,9,spline_ancova,True,True,0.0007204851135611534
serial_heteroskedastic,9,longbet_direct,True,True,37.873368366621435
serial_heteroskedastic,10,unadjusted,True,True,0.003948698751628399
serial_heteroskedastic,10,linear_ancova,True,True,0.000825854018330574
serial_heteroskedastic,10,spline_ancova,True,True,0.0014429157599806786
serial_heteroskedastic,10,longbet_direct,True,True,37.385270674712956
serial_heteroskedastic,11,unadjusted,True,True,0.0036985380575060844
serial_heteroskedastic,11,linear_ancova,True,True,0.0008744252845644951
serial_heteroskedastic,11,spline_ancova,True,True,0.001397530548274517
serial_heteroskedastic,11,longbet_direct,True,True,35.47089874278754
serial_heteroskedastic,12,unadjusted,True,True,0.0025138994678854942
serial_heteroskedastic,12,linear_ancova,True,True,0.0006647398695349693
serial_heteroskedastic,12,spline_ancova,True,True,0.0007401835173368454
serial_heteroskedastic,12,longbet_direct,True,True,36.79238946083933
serial_heteroskedastic,13,unadjusted,True,True,0.0022881049662828445
serial_heteroskedastic,13,linear_ancova,True,True,0.0005916329100728035
serial_heteroskedastic,13,spline_ancova,True,True,0.0008082408457994461
serial_heteroskedastic,13,longbet_direct,True,True,37.2587086353451
serial_heteroskedastic,14,unadjusted,True,True,0.003833943046629429
serial_heteroskedastic,14,linear_ancova,True,True,0.0010035783052444458
serial_heteroskedastic,14,spline_ancova,True,True,0.0014297598972916603
serial_heteroskedastic,14,longbet_direct,True,True,37.07172768190503
serial_heteroskedastic,15,unadjusted,True,True,0.003888525068759918
serial_heteroskedastic,15,linear_ancova,True,True,0.0010154703631997108
serial_heteroskedastic,15,spline_ancova,True,True,0.0013180794194340706
serial_heteroskedastic,15,longbet_direct,True,True,38.08403662685305
serial_heteroskedastic,16,unadjusted,True,True,0.003928600810468197
serial_heteroskedastic,16,linear_ancova,True,True,0.0008436879143118858
serial_heteroskedastic,16,spline_ancova,True,True,0.001240042969584465
serial_heteroskedastic,16,longbet_direct,True,True,37.7754846829921
serial_heteroskedastic,17,unadjusted,True,True,0.004290401935577393
serial_heteroskedastic,17,linear_ancova,True,True,0.000910462811589241
serial_heteroskedastic,17,spline_ancova,True,True,0.0014431653544306755
serial_heteroskedastic,17,longbet_direct,True,True,36.18475263286382
serial_heteroskedastic,18,unadjusted,True,True,0.0035754675045609474
serial_heteroskedastic,18,linear_ancova,True,True,0.0008899252861738205
serial_heteroskedastic,18,spline_ancova,True,True,0.0014109443873167038
serial_heteroskedastic,18,longbet_direct,True,True,38.9111210340634
serial_heteroskedastic,19,unadjusted,True,True,0.004886734299361706
serial_heteroskedastic,19,linear_ancova,True,True,0.000948835164308548
serial_heteroskedastic,19,spline_ancova,True,True,0.0012568440288305283
serial_heteroskedastic,19,longbet_direct,True,True,37.81163842044771
serial_heteroskedastic,20,unadjusted,True,True,0.004048055969178677
serial_heteroskedastic,20,linear_ancova,True,True,0.0010590730234980583
serial_heteroskedastic,20,spline_ancova,True,True,0.0012641381472349167
serial_heteroskedastic,20,longbet_direct,True,True,39.971264101564884
serial_heteroskedastic,21,unadjusted,True,True,0.003598209470510483
serial_heteroskedastic,21,linear_ancova,True,True,0.0009823981672525406
serial_heteroskedastic,21,spline_ancova,True,True,0.00132074486464262
serial_heteroskedastic,21,longbet_direct,True,True,37.47404125519097
serial_heteroskedastic,22,unadjusted,True,True,0.002355060540139675
serial_heteroskedastic,22,linear_ancova,True,True,0.0006710924208164215
serial_heteroskedastic,22,spline_ancova,True,True,0.000799073837697506
serial_heteroskedastic,22,longbet_direct,True,True,35.81261027045548
serial_heteroskedastic,23,unadjusted,True,True,0.002423780970275402
serial_heteroskedastic,23,linear_ancova,True,True,0.000624694861471653
serial_heteroskedastic,23,spline_ancova,True,True,0.0008089812472462654
serial_heteroskedastic,23,longbet_direct,True,True,39.23750476911664
serial_heteroskedastic,24,unadjusted,True,True,0.0021629706025123596
serial_heteroskedastic,24,linear_ancova,True,True,0.0005991170182824135
serial_heteroskedastic,24,spline_ancova,True,True,0.000830894336104393
serial_heteroskedastic,24,longbet_direct,True,True,39.65644974540919
serial_heteroskedastic,25,unadjusted,True,True,0.00326487235724926
serial_heteroskedastic,25,linear_ancova,True,True,0.000815143808722496
serial_heteroskedastic,25,spline_ancova,True,True,0.0013098139315843582
serial_heteroskedastic,25,longbet_direct,True,True,36.13997290562838
serial_heteroskedastic,26,unadjusted,True,True,0.003824356012046337
serial_heteroskedastic,26,linear_ancova,True,True,0.00090041384100914
serial_heteroskedastic,26,spline_ancova,True,True,0.0011701518669724464
serial_heteroskedastic,26,longbet_direct,True,True,35.4522961769253
serial_heteroskedastic,27,unadjusted,True,True,0.003626943565905094
serial_heteroskedastic,27,linear_ancova,True,True,0.0008317548781633377
serial_heteroskedastic,27,spline_ancova,True,True,0.0012059090659022331
serial_heteroskedastic,27,longbet_direct,True,True,36.43848513625562
serial_heteroskedastic,28,unadjusted,True,True,0.0026783496141433716
serial_heteroskedastic,28,linear_ancova,True,True,0.0005163112655282021
serial_heteroskedastic,28,spline_ancova,True,True,0.0009497273713350296
serial_heteroskedastic,28,longbet_direct,True,True,37.49784687720239
serial_heteroskedastic,29,unadjusted,True,True,0.003920646384358406
serial_heteroskedastic,29,linear_ancova,True,True,0.0008965972810983658
serial_heteroskedastic,29,spline_ancova,True,True,0.0014297086745500565
serial_heteroskedastic,29,longbet_direct,True,True,36.76715215947479
serial_heteroskedastic,30,unadjusted,True,True,0.0033053597435355186
serial_heteroskedastic,30,linear_ancova,True,True,0.0007201051339507103
serial_heteroskedastic,30,spline_ancova,True,True,0.0010509267449378967
serial_heteroskedastic,30,longbet_direct,True,True,36.516382680274546
serial_heteroskedastic,31,unadjusted,True,True,0.0035212449729442596
serial_heteroskedastic,31,linear_ancova,True,True,0.0009079081937670708
serial_heteroskedastic,31,spline_ancova,True,True,0.0014147507026791573
serial_heteroskedastic,31,longbet_direct,True,True,35.73540761787444
serial_heteroskedastic,32,unadjusted,True,True,0.0034354040399193764
serial_heteroskedastic,32,linear_ancova,True,True,0.0008036214858293533
serial_heteroskedastic,32,spline_ancova,True,True,0.0015584323555231094
serial_heteroskedastic,32,longbet_direct,True,True,38.5005954252556
serial_heteroskedastic,33,unadjusted,True,True,0.0033853594213724136
serial_heteroskedastic,33,linear_ancova,True,True,0.0005500754341483116
serial_heteroskedastic,33,spline_ancova,True,True,0.0007519153878092766
serial_heteroskedastic,33,longbet_direct,True,True,36.80924643203616
serial_heteroskedastic,34,unadjusted,True,True,0.002895367331802845
serial_heteroskedastic,34,linear_ancova,True,True,0.0005842689424753189
serial_heteroskedastic,34,spline_ancova,True,True,0.0007821414619684219
serial_heteroskedastic,34,longbet_direct,True,True,39.85708079393953
serial_heteroskedastic,35,unadjusted,True,True,0.0038312580436468124
serial_heteroskedastic,35,linear_ancova,True,True,0.0022742189466953278
serial_heteroskedastic,35,spline_ancova,True,True,0.0014127874746918678
serial_heteroskedastic,35,longbet_direct,True,True,37.38588351383805
serial_heteroskedastic,36,unadjusted,True,True,0.002917267382144928
serial_heteroskedastic,36,linear_ancova,True,True,0.0006360867992043495
serial_heteroskedastic,36,spline_ancova,True,True,0.0008317343890666962
serial_heteroskedastic,36,longbet_direct,True,True,35.45937227271497
serial_heteroskedastic,37,unadjusted,True,True,0.003751448355615139
serial_heteroskedastic,37,linear_ancova,True,True,0.0009259916841983795
serial_heteroskedastic,37,spline_ancova,True,True,0.0014005349949002266
serial_heteroskedastic,37,longbet_direct,True,True,38.18118506669998
serial_heteroskedastic,38,unadjusted,True,True,0.0033269794657826424
serial_heteroskedastic,38,linear_ancova,True,True,0.0009058238938450813
serial_heteroskedastic,38,spline_ancova,True,True,0.0012485692277550697
serial_heteroskedastic,38,longbet_direct,True,True,35.888499717228115
serial_heteroskedastic,39,unadjusted,True,True,0.0033206474035978317
serial_heteroskedastic,39,linear_ancova,True,True,0.0009066853672266006
serial_heteroskedastic,39,spline_ancova,True,True,0.0012134034186601639
serial_heteroskedastic,39,longbet_direct,True,True,36.13062332011759
serial_heteroskedastic,40,unadjusted,True,True,0.0032541416585445404
serial_heteroskedastic,40,linear_ancova,True,True,0.0007717125117778778
serial_heteroskedastic,40,spline_ancova,True,True,0.0009590843692421913
serial_heteroskedastic,40,longbet_direct,True,True,35.9983417969197
serial_heteroskedastic,41,unadjusted,True,True,0.0036679208278656006
serial_heteroskedastic,41,linear_ancova,True,True,0.0009040702134370804
serial_heteroskedastic,41,spline_ancova,True,True,0.0012188833206892014
serial_heteroskedastic,41,longbet_direct,True,True,37.43146741949022
serial_heteroskedastic,42,unadjusted,True,True,0.0032772161066532135
serial_heteroskedastic,42,linear_ancova,True,True,0.0009801937267184258
serial_heteroskedastic,42,spline_ancova,True,True,0.0013745659962296486
serial_heteroskedastic,42,longbet_direct,True,True,37.0604199860245
serial_heteroskedastic,43,unadjusted,True,True,0.003606104291975498
serial_heteroskedastic,43,linear_ancova,True,True,0.0008971979841589928
serial_heteroskedastic,43,spline_ancova,True,True,0.001369287259876728
serial_heteroskedastic,43,longbet_direct,True,True,36.91707817092538
serial_heteroskedastic,44,unadjusted,True,True,0.004000475630164146
serial_heteroskedastic,44,linear_ancova,True,True,0.0008872402831912041
serial_heteroskedastic,44,spline_ancova,True,True,0.0013501700013875961
serial_heteroskedastic,44,longbet_direct,True,True,40.23805208876729
serial_heteroskedastic,45,unadjusted,True,True,0.0022826483473181725
serial_heteroskedastic,45,linear_ancova,True,True,0.0006445739418268204
serial_heteroskedastic,45,spline_ancova,True,True,0.0008135121315717697
serial_heteroskedastic,45,longbet_direct,True,True,37.75408399105072
serial_heteroskedastic,46,unadjusted,True,True,0.003546026535332203
serial_heteroskedastic,46,linear_ancova,True,True,0.0009161448106169701
serial_heteroskedastic,46,spline_ancova,True,True,0.0011596232652664185
serial_heteroskedastic,46,longbet_direct,True,True,36.865434831008315
serial_heteroskedastic,47,unadjusted,True,True,0.0036262478679418564
serial_heteroskedastic,47,linear_ancova,True,True,0.0008666925132274628
serial_heteroskedastic,47,spline_ancova,True,True,0.0012564249336719513
serial_heteroskedastic,47,longbet_direct,True,True,36.50881689414382
serial_heteroskedastic,48,unadjusted,True,True,0.003634062595665455
serial_heteroskedastic,48,linear_ancova,True,True,0.000803973525762558
serial_heteroskedastic,48,spline_ancova,True,True,0.0015011057257652283
serial_heteroskedastic,48,longbet_direct,True,True,38.22934375330806
serial_heteroskedastic,49,unadjusted,True,True,0.0026782918721437454
serial_heteroskedastic,49,linear_ancova,True,True,0.0005418509244918823
serial_heteroskedastic,49,spline_ancova,True,True,0.0007399832829833031
serial_heteroskedastic,49,longbet_direct,True,True,37.51303406525403
serial_heteroskedastic,50,unadjusted,True,True,0.003425048664212227
serial_heteroskedastic,50,linear_ancova,True,True,0.0009120972827076912
serial_heteroskedastic,50,spline_ancova,True,True,0.0012680068612098694
serial_heteroskedastic,50,longbet_direct,True,True,36.88177622016519
serial_heteroskedastic,51,unadjusted,True,True,0.003503415733575821
serial_heteroskedastic,51,linear_ancova,True,True,0.0008867690339684486
serial_heteroskedastic,51,spline_ancova,True,True,0.0013596592471003532
serial_heteroskedastic,51,longbet_direct,True,True,36.13263438269496
serial_heteroskedastic,52,unadjusted,True,True,0.002767411060631275
serial_heteroskedastic,52,linear_ancova,True,True,0.0007290719076991081
serial_heteroskedastic,52,spline_ancova,True,True,0.000853867270052433
serial_heteroskedastic,52,longbet_direct,True,True,37.49516372475773
serial_heteroskedastic,53,unadjusted,True,True,0.0032080095261335373
serial_heteroskedastic,53,linear_ancova,True,True,0.0008439086377620697
serial_heteroskedastic,53,spline_ancova,True,True,0.0011816751211881638
serial_heteroskedastic,53,longbet_direct,True,True,36.05796911753714
serial_heteroskedastic,54,unadjusted,True,True,0.0023021241649985313
serial_heteroskedastic,54,linear_ancova,True,True,0.0005154907703399658
serial_heteroskedastic,54,spline_ancova,True,True,0.0007748790085315704
serial_heteroskedastic,54,longbet_direct,True,True,38.400261115282774
serial_heteroskedastic,55,unadjusted,True,True,0.004128752276301384
serial_heteroskedastic,55,linear_ancova,True,True,0.0008345413953065872
serial_heteroskedastic,55,spline_ancova,True,True,0.0012341830879449844
serial_heteroskedastic,55,longbet_direct,True,True,35.757747570984066
serial_heteroskedastic,56,unadjusted,True,True,0.0031764404848217964
serial_heteroskedastic,56,linear_ancova,True,True,0.0005679689347743988
serial_heteroskedastic,56,spline_ancova,True,True,0.0012641102075576782
serial_heteroskedastic,56,longbet_direct,True,True,36.340586107224226
serial_heteroskedastic,57,unadjusted,True,True,0.002545180730521679
serial_heteroskedastic,57,linear_ancova,True,True,0.0006609531119465828
serial_heteroskedastic,57,spline_ancova,True,True,0.0008413158357143402
serial_heteroskedastic,57,longbet_direct,True,True,35.78048690035939
serial_heteroskedastic,58,unadjusted,True,True,0.002289080061018467
serial_heteroskedastic,58,linear_ancova,True,True,0.0005254503339529037
serial_heteroskedastic,58,spline_ancova,True,True,0.0008553210645914078
serial_heteroskedastic,58,longbet_direct,True,True,37.873158767819405
serial_heteroskedastic,59,unadjusted,True,True,0.0022254884243011475
serial_heteroskedastic,59,linear_ancova,True,True,0.0007633669301867485
serial_heteroskedastic,59,spline_ancova,True,True,0.0008188718929886818
serial_heteroskedastic,59,longbet_direct,True,True,39.48854777775705
serial_heteroskedastic,60,unadjusted,True,True,0.003334728069603443
serial_heteroskedastic,60,linear_ancova,True,True,0.0008023511618375778
serial_heteroskedastic,60,spline_ancova,True,True,0.00280140433460474
serial_heteroskedastic,60,longbet_direct,True,True,37.09386020991951
serial_heteroskedastic,61,unadjusted,True,True,0.0022499356418848038
serial_heteroskedastic,61,linear_ancova,True,True,0.0006062118336558342
serial_heteroskedastic,61,spline_ancova,True,True,0.0007653608918190002
serial_heteroskedastic,61,longbet_direct,True,True,36.11289473902434
serial_heteroskedastic,62,unadjusted,True,True,0.003666612319648266
serial_heteroskedastic,62,linear_ancova,True,True,0.0009232386946678162
serial_heteroskedastic,62,spline_ancova,True,True,0.001227591186761856
serial_heteroskedastic,62,longbet_direct,True,True,35.398813826963305
serial_heteroskedastic,63,unadjusted,True,True,0.0033493051305413246
serial_heteroskedastic,63,linear_ancova,True,True,0.0009215343743562698
serial_heteroskedastic,63,spline_ancova,True,True,0.0014007771387696266
serial_heteroskedastic,63,longbet_direct,True,True,37.81060083210468
serial_heteroskedastic,64,unadjusted,True,True,0.0025260252878069878
serial_heteroskedastic,64,linear_ancova,True,True,0.000783565454185009
serial_heteroskedastic,64,spline_ancova,True,True,0.0007316768169403076
serial_heteroskedastic,64,longbet_direct,True,True,37.07730159908533
serial_heteroskedastic,65,unadjusted,True,True,0.004084168933331966
serial_heteroskedastic,65,linear_ancova,True,True,0.0008781738579273224
serial_heteroskedastic,65,spline_ancova,True,True,0.0014061164110898972
serial_heteroskedastic,65,longbet_direct,True,True,36.21691308636218
serial_heteroskedastic,66,unadjusted,True,True,0.002304176799952984
serial_heteroskedastic,66,linear_ancova,True,True,0.0005796020850539207
serial_heteroskedastic,66,spline_ancova,True,True,0.0007502520456910133
serial_heteroskedastic,66,longbet_direct,True,True,39.0999067267403
serial_heteroskedastic,67,unadjusted,True,True,0.0035619763657450676
serial_heteroskedastic,67,linear_ancova,True,True,0.0008808579295873642
serial_heteroskedastic,67,spline_ancova,True,True,0.0012683579698204994
serial_heteroskedastic,67,longbet_direct,True,True,37.05393542535603
serial_heteroskedastic,68,unadjusted,True,True,0.002869522199034691
serial_heteroskedastic,68,linear_ancova,True,True,0.0006816331297159195
serial_heteroskedastic,68,spline_ancova,True,True,0.000921124592423439
serial_heteroskedastic,68,longbet_direct,True,True,35.98546564672142
serial_heteroskedastic,69,unadjusted,True,True,0.005000682547688484
serial_heteroskedastic,69,linear_ancova,True,True,0.0008566426113247871
serial_heteroskedastic,69,spline_ancova,True,True,0.0013688774779438972
serial_heteroskedastic,69,longbet_direct,True,True,40.189126373268664
serial_heteroskedastic,70,unadjusted,True,True,0.0038700848817825317
serial_heteroskedastic,70,linear_ancova,True,True,0.0008845347911119461
serial_heteroskedastic,70,spline_ancova,True,True,0.0015504881739616394
serial_heteroskedastic,70,longbet_direct,True,True,35.15509915817529
serial_heteroskedastic,71,unadjusted,True,True,0.0034288540482521057
serial_heteroskedastic,71,linear_ancova,True,True,0.0008697072044014931
serial_heteroskedastic,71,spline_ancova,True,True,0.0013099359348416328
serial_heteroskedastic,71,longbet_direct,True,True,36.03350332099944
serial_heteroskedastic,72,unadjusted,True,True,0.003592182882130146
serial_heteroskedastic,72,linear_ancova,True,True,0.0009633535519242287
serial_heteroskedastic,72,spline_ancova,True,True,0.0013526864349842072
serial_heteroskedastic,72,longbet_direct,True,True,35.25245152041316
serial_heteroskedastic,73,unadjusted,True,True,0.0021516596898436546
serial_heteroskedastic,73,linear_ancova,True,True,0.0005967030301690102
serial_heteroskedastic,73,spline_ancova,True,True,0.0007462548092007637
serial_heteroskedastic,73,longbet_direct,True,True,37.07928102463484
serial_heteroskedastic,74,unadjusted,True,True,0.003169255331158638
serial_heteroskedastic,74,linear_ancova,True,True,0.0008588060736656189
serial_heteroskedastic,74,spline_ancova,True,True,0.0010561095550656319
serial_heteroskedastic,74,longbet_direct,True,True,37.239248220808804
serial_heteroskedastic,75,unadjusted,True,True,0.002341357059776783
serial_heteroskedastic,75,linear_ancova,True,True,0.000555114820599556
serial_heteroskedastic,75,spline_ancova,True,True,0.0007790960371494293
serial_heteroskedastic,75,longbet_direct,True,True,36.908719377592206
serial_heteroskedastic,76,unadjusted,True,True,0.003737865947186947
serial_heteroskedastic,76,linear_ancova,True,True,0.0021363720297813416
serial_heteroskedastic,76,spline_ancova,True,True,0.0016412902623414993
serial_heteroskedastic,76,longbet_direct,True,True,37.039588189683855
serial_heteroskedastic,77,unadjusted,True,True,0.0038982080295681953
serial_heteroskedastic,77,linear_ancova,True,True,0.0015360107645392418
serial_heteroskedastic,77,spline_ancova,True,True,0.0013935230672359467
serial_heteroskedastic,77,longbet_direct,True,True,38.89011300727725
serial_heteroskedastic,78,unadjusted,True,True,0.0034478800371289253
serial_heteroskedastic,78,linear_ancova,True,True,0.0011156098917126656
serial_heteroskedastic,78,spline_ancova,True,True,0.0016036583110690117
serial_heteroskedastic,78,longbet_direct,True,False,38.36146418657154
serial_heteroskedastic,79,unadjusted,True,True,0.0038340771570801735
serial_heteroskedastic,79,linear_ancova,True,True,0.0008269269019365311
serial_heteroskedastic,79,spline_ancova,True,True,0.001369939185678959
serial_heteroskedastic,79,longbet_direct,True,True,38.36572712659836
serial_heteroskedastic,80,unadjusted,True,True,0.0037681134417653084
serial_heteroskedastic,80,linear_ancova,True,True,0.0009583933278918266
serial_heteroskedastic,80,spline_ancova,True,True,0.0014923587441444397
serial_heteroskedastic,80,longbet_direct,True,True,37.72042018081993
serial_heteroskedastic,81,unadjusted,True,True,0.0035117696970701218
serial_heteroskedastic,81,linear_ancova,True,True,0.0008888831362128258
serial_heteroskedastic,81,spline_ancova,True,True,0.001245945692062378
serial_heteroskedastic,81,longbet_direct,True,True,37.62214263807982
serial_heteroskedastic,82,unadjusted,True,True,0.003372308798134327
serial_heteroskedastic,82,linear_ancova,True,True,0.000919681042432785
serial_heteroskedastic,82,spline_ancova,True,True,0.0013046357780694962
serial_heteroskedastic,82,longbet_direct,True,True,39.09207318536937
serial_heteroskedastic,83,unadjusted,True,True,0.004266421310603619
serial_heteroskedastic,83,linear_ancova,True,True,0.0006532398983836174
serial_heteroskedastic,83,spline_ancova,True,True,0.0009021684527397156
serial_heteroskedastic,83,longbet_direct,True,True,38.02346056513488
serial_heteroskedastic,84,unadjusted,True,True,0.0025169774889945984
serial_heteroskedastic,84,linear_ancova,True,True,0.0008774502202868462
serial_heteroskedastic,84,spline_ancova,True,True,0.0010188780725002289
serial_heteroskedastic,84,longbet_direct,True,True,37.01982267014682
serial_heteroskedastic,85,unadjusted,True,True,0.004505430348217487
serial_heteroskedastic,85,linear_ancova,True,True,0.0009053638204932213
serial_heteroskedastic,85,spline_ancova,True,True,0.0013675540685653687
serial_heteroskedastic,85,longbet_direct,True,True,38.26294988580048
serial_heteroskedastic,86,unadjusted,True,True,0.0033873263746500015
serial_heteroskedastic,86,linear_ancova,True,True,0.0007353033870458603
serial_heteroskedastic,86,spline_ancova,True,True,0.0011318298056721687
serial_heteroskedastic,86,longbet_direct,True,True,36.75381685514003
serial_heteroskedastic,87,unadjusted,True,True,0.0036091944202780724
serial_heteroskedastic,87,linear_ancova,True,True,0.0008837031200528145
serial_heteroskedastic,87,spline_ancova,True,True,0.0013213064521551132
serial_heteroskedastic,87,longbet_direct,True,True,36.916823672130704
serial_heteroskedastic,88,unadjusted,True,True,0.002959640696644783
serial_heteroskedastic,88,linear_ancova,True,True,0.0008965684100985527
serial_heteroskedastic,88,spline_ancova,True,True,0.001149643212556839
serial_heteroskedastic,88,longbet_direct,True,True,37.327064000070095
serial_heteroskedastic,89,unadjusted,True,True,0.002325586974620819
serial_heteroskedastic,89,linear_ancova,True,True,0.0006877938285470009
serial_heteroskedastic,89,spline_ancova,True,True,0.0007694382220506668
serial_heteroskedastic,89,longbet_direct,True,True,38.72927069850266
serial_heteroskedastic,90,unadjusted,True,True,0.0034555038437247276
serial_heteroskedastic,90,linear_ancova,True,True,0.0009149620309472084
serial_heteroskedastic,90,spline_ancova,True,True,0.001299215480685234
serial_heteroskedastic,90,longbet_direct,True,True,36.61524219624698
serial_heteroskedastic,91,unadjusted,True,True,0.003420197404921055
serial_heteroskedastic,91,linear_ancova,True,True,0.0008650682866573334
serial_heteroskedastic,91,spline_ancova,True,True,0.0027793720364570618
serial_heteroskedastic,91,longbet_direct,True,True,37.403112122789025
serial_heteroskedastic,92,unadjusted,True,True,0.0030175596475601196
serial_heteroskedastic,92,linear_ancova,True,True,0.0006822533905506134
serial_heteroskedastic,92,spline_ancova,True,True,0.0009715994819998741
serial_heteroskedastic,92,longbet_direct,True,True,37.85379288997501
serial_heteroskedastic,93,unadjusted,True,True,0.0021380437538027763
serial_heteroskedastic,93,linear_ancova,True,True,0.0006884261965751648
serial_heteroskedastic,93,spline_ancova,True,True,0.0008498299866914749
serial_heteroskedastic,93,longbet_direct,True,True,38.59949899464846
serial_heteroskedastic,94,unadjusted,True,True,0.004220783710479736
serial_heteroskedastic,94,linear_ancova,True,True,0.0009399587288498878
serial_heteroskedastic,94,spline_ancova,True,True,0.0012827850878238678
serial_heteroskedastic,94,longbet_direct,True,True,38.177183009684086
serial_heteroskedastic,95,unadjusted,True,True,0.002393163740634918
serial_heteroskedastic,95,linear_ancova,True,True,0.0005719466134905815
serial_heteroskedastic,95,spline_ancova,True,True,0.0007180320098996162
serial_heteroskedastic,95,longbet_direct,True,True,36.244094488210976
serial_heteroskedastic,96,unadjusted,True,True,0.003773082047700882
serial_heteroskedastic,96,linear_ancova,True,True,0.0008395612239837646
serial_heteroskedastic,96,spline_ancova,True,True,0.0011445237323641777
serial_heteroskedastic,96,longbet_direct,True,True,37.020962942391634
serial_heteroskedastic,97,unadjusted,True,True,0.003817525692284107
serial_heteroskedastic,97,linear_ancova,True,True,0.0009509390220046043
serial_heteroskedastic,97,spline_ancova,True,True,0.0013695880770683289
serial_heteroskedastic,97,longbet_direct,True,True,34.350025347433984
serial_heteroskedastic,98,unadjusted,True,True,0.00409423653036356
serial_heteroskedastic,98,linear_ancova,True,True,0.0009361822158098221
serial_heteroskedastic,98,spline_ancova,True,True,0.0012664934620261192
serial_heteroskedastic,98,longbet_direct,True,True,32.35244384407997
serial_heteroskedastic,99,unadjusted,True,True,0.0035456232726573944
serial_heteroskedastic,99,linear_ancova,True,True,0.0008845953270792961
serial_heteroskedastic,99,spline_ancova,True,True,0.0012965397909283638
serial_heteroskedastic,99,longbet_direct,True,True,29.271896339952946
